survey_id,response_id,registered,propensity,pres,sen,gov,party_reg,age,gender,hisp,race,educ,pres16,house18,county
SV_3WunfJOVGncwpE1,R_9tU9hqXzOYa5eKt,Yes,I am 100% certain I will vote,"Donald Trump, the Republican","Thom Tillis, the Republican","Dan Forest, the Republican",Republican,42,Male,No,White,"Some college, no degree","Donald Trump, the Republican",The Republican party candidate,Guilford
SV_3WunfJOVGncwpE1,R_6JQLdA4olU1VKlr,Yes,I am 100% certain I will vote,"Donald Trump, the Republican",Some other candidate,"Dan Forest, the Republican",Democratic,32,Male,Yes,Black or African American,"Master's degree (e.g. MA, MS, MEd)","Donald Trump, the Republican",Someone else,Union
SV_3WunfJOVGncwpE1,R_1gqkOFCbuafDrlR,Yes,I will definitely not vote,"Joe Biden, the Democrat","Cal Cunningham, the Democrat","Roy Cooper, the Democrat",Democratic,29,Female,No,Asian,"Master's degree (e.g. MA, MS, MEd)",Did not vote,Did not vote,Durham
SV_3WunfJOVGncwpE1,R_246jnSAb1RjKR4U,Yes,I am 100% certain I will vote,"Joe Biden, the Democrat","Cal Cunningham, the Democrat","Roy Cooper, the Democrat",Democratic,24,Female,No,White,"Bachelor's degree (e.g. BA, BS)","Hillary Clinton, the Democrat",The Democratic party candidate,Durham
SV_3WunfJOVGncwpE1,R_3e5eMivMrFJtjNO,Yes,I am likely to vote,Some other candidate,"Thom Tillis, the Republican",Some other candidate,Republican,68,Female,Yes,White,"Bachelor's degree (e.g. BA, BS)","Donald Trump, the Republican",The Democratic party candidate,Alamance
SV_3WunfJOVGncwpE1,R_3fT1HkO7KdqIpBZ,Yes,I am 100% certain I will vote,"Joe Biden, the Democrat","Cal Cunningham, the Democrat","Roy Cooper, the Democrat",Democratic,63,Female,No,White,"Master's degree (e.g. MA, MS, MEd)","Hillary Clinton, the Democrat",The Democratic party candidate,Franklin
SV_3WunfJOVGncwpE1,R_1itHIkm68iB3Q1w,Yes,I am 100% certain I will vote,"Joe Biden, the Democrat","Cal Cunningham, the Democrat","Roy Cooper, the Democrat",Other,41,Female,No,White,"Associate degree (e.g. AA, AS)","Hillary Clinton, the Democrat",The Democratic party candidate,Durham
SV_3WunfJOVGncwpE1,R_2AYCCLX2RT0wvsn,Yes,I am likely to vote,"Donald Trump, the Republican","Thom Tillis, the Republican","Dan Forest, the Republican",Republican,55,Female,No,White,"Master's degree (e.g. MA, MS, MEd)",Did not vote,Did not vote,Cumberland
SV_3WunfJOVGncwpE1,R_3IY1nRm5vu5hMZv,Yes,I am 100% certain I will vote,"Joe Biden, the Democrat","Cal Cunningham, the Democrat",Undecided,Other,26,Female,No,White,"Bachelor's degree (e.g. BA, BS)","Hillary Clinton, the Democrat",The Democratic party candidate,Wake
SV_3WunfJOVGncwpE1,R_1H1zPMYwZglPKo1,Yes,I am 100% certain I will vote,Some other candidate,Undecided,Some other candidate,Democratic,19,Female,No,White,"Some college, no degree",Did not vote,Did not vote,Lincoln
SV_3WunfJOVGncwpE1,R_1N8rFHnGbzTW5p4,Yes,I am 100% certain I will vote,"Joe Biden, the Democrat","Cal Cunningham, the Democrat","Roy Cooper, the Democrat",Democratic,54,Female,No,Black or African American,"Bachelor's degree (e.g. BA, BS)","Hillary Clinton, the Democrat",The Democratic party candidate,Franklin
SV_3WunfJOVGncwpE1,R_2pXDDZcjfssUQPj,Yes,I am 100% certain I will vote,Some other candidate,"Thom Tillis, the Republican","Dan Forest, the Republican",Republican,40,Male,No,White,"Doctorate or professional degree (e.g. MD, DDS, PhD)",Someone else,The Republican party candidate,Union
SV_3WunfJOVGncwpE1,R_2n41HorPPioQP7j,Yes,I am 100% certain I will vote,"Joe Biden, the Democrat","Cal Cunningham, the Democrat","Roy Cooper, the Democrat",Democratic,23,Female,No,White,"Bachelor's degree (e.g. BA, BS)","Hillary Clinton, the Democrat",The Democratic party candidate,Guilford
SV_3WunfJOVGncwpE1,R_Ov3qkjGY12oQn0R,Yes,I am 100% certain I will vote,"Joe Biden, the Democrat","Cal Cunningham, the Democrat","Roy Cooper, the Democrat",Other,41,Female,No,White,"Associate degree (e.g. AA, AS)",,The Democratic party candidate,Alamance
SV_3WunfJOVGncwpE1,R_PBehjNVswb9YHeh,Yes,I am likely to vote,"Joe Biden, the Democrat","Cal Cunningham, the Democrat","Roy Cooper, the Democrat",Democratic,53,Female,No,Black or African American,"Doctorate or professional degree (e.g. MD, DDS, PhD)","Hillary Clinton, the Democrat",The Democratic party candidate,Guilford
SV_3WunfJOVGncwpE1,R_pFMRl5Ds0fvh07T,Yes,I am likely to vote,"Donald Trump, the Republican","Thom Tillis, the Republican","Dan Forest, the Republican",Republican,39,Male,No,White,"Some college, no degree","Donald Trump, the Republican",The Republican party candidate,Cumberland
SV_3WunfJOVGncwpE1,R_1LqFI4rmNCwcyh6,Yes,I am 100% certain I will vote,"Donald Trump, the Republican","Thom Tillis, the Republican","Dan Forest, the Republican",Republican,19,Male,No,White,"Some college, no degree",Did not vote,Did not vote,Haywood
SV_3WunfJOVGncwpE1,R_2X7l4NgwvJF2WNA,Yes,I am likely to vote,Undecided,"Cal Cunningham, the Democrat","Roy Cooper, the Democrat",Democratic,38,Female,No,White,"Associate degree (e.g. AA, AS)",Did not vote,Did not vote,Iredell
SV_3WunfJOVGncwpE1,R_1nPGlXkvj2Tdsi8,Yes,I am 100% certain I will vote,"Joe Biden, the Democrat","Cal Cunningham, the Democrat","Roy Cooper, the Democrat",Democratic,32,Male,No,White,"Bachelor's degree (e.g. BA, BS)","Hillary Clinton, the Democrat",The Democratic party candidate,Pitt
SV_3WunfJOVGncwpE1,R_3gXH5M18LQLavnf,Yes,I am 100% certain I will vote,"Joe Biden, the Democrat","Cal Cunningham, the Democrat","Roy Cooper, the Democrat",Democratic,57,Female,No,White,"Doctorate or professional degree (e.g. MD, DDS, PhD)","Hillary Clinton, the Democrat",The Democratic party candidate,Orange
SV_3WunfJOVGncwpE1,R_VQidV7A9CNeaAed,Yes,50/50,"Donald Trump, the Republican","Thom Tillis, the Republican","Dan Forest, the Republican",Republican,46,Male,No,Asian,"Master's degree (e.g. MA, MS, MEd)","Donald Trump, the Republican",Unsure / Don't remember,Wake
SV_3WunfJOVGncwpE1,R_3aYIovETFfy09u9,Yes,I am 100% certain I will vote,"Donald Trump, the Republican","Cal Cunningham, the Democrat","Dan Forest, the Republican",Republican,42,Female,No,White,"Bachelor's degree (e.g. BA, BS)","Donald Trump, the Republican",The Republican party candidate,Union
SV_3WunfJOVGncwpE1,R_2Vw1co5or0zS7Pm,Yes,I am 100% certain I will vote,"Joe Biden, the Democrat","Cal Cunningham, the Democrat","Roy Cooper, the Democrat",Unaffiliated,22,Female,No,White,"Master's degree (e.g. MA, MS, MEd)","Donald Trump, the Republican",The Democratic party candidate,Wake
SV_3WunfJOVGncwpE1,R_2rPFmp2D18UkHHK,Yes,I am 100% certain I will vote,"Donald Trump, the Republican","Thom Tillis, the Republican","Dan Forest, the Republican",Unaffiliated,49,Female,No,White,"Associate degree (e.g. AA, AS)","Donald Trump, the Republican",Someone else,Brunswick
SV_3WunfJOVGncwpE1,R_3lVa7ODGOG92WjL,Yes,I am 100% certain I will vote,Some other candidate,"Cal Cunningham, the Democrat","Roy Cooper, the Democrat",Democratic,32,Male,No,White,"Bachelor's degree (e.g. BA, BS)","Hillary Clinton, the Democrat",The Democratic party candidate,New Hanover
SV_3WunfJOVGncwpE1,R_2QKEVyzTbuOR0L6,Yes,I am likely to vote,"Joe Biden, the Democrat","Cal Cunningham, the Democrat","Roy Cooper, the Democrat",Democratic,26,Female,No,American Indian or Alaska Native,"Bachelor's degree (e.g. BA, BS)",Did not vote,Did not vote,Orange
SV_3WunfJOVGncwpE1,R_XsV1dH3vXvAE3RL,Yes,I am 100% certain I will vote,"Joe Biden, the Democrat","Cal Cunningham, the Democrat","Roy Cooper, the Democrat",Democratic,21,Male,No,Asian,"Some college, no degree","Hillary Clinton, the Democrat",The Democratic party candidate,Robeson
SV_3WunfJOVGncwpE1,R_1IF2kKXOmvh7CkK,Yes,I am 100% certain I will vote,"Donald Trump, the Republican","Thom Tillis, the Republican","Dan Forest, the Republican",Republican,42,Female,No,White,"Some college, no degree","Donald Trump, the Republican",The Republican party candidate,Wake
SV_3WunfJOVGncwpE1,R_tLNYe6DZ6JjRfu9,Yes,I am likely to vote,"Donald Trump, the Republican",Undecided,"Dan Forest, the Republican",Republican,34,Female,Yes,White,"Master's degree (e.g. MA, MS, MEd)","Donald Trump, the Republican",The Republican party candidate,Union
SV_3WunfJOVGncwpE1,R_2bIS11mZahLFDM8,Yes,I am 100% certain I will vote,"Joe Biden, the Democrat","Cal Cunningham, the Democrat","Roy Cooper, the Democrat",Unaffiliated,34,Male,No,White,"Bachelor's degree (e.g. BA, BS)","Hillary Clinton, the Democrat",The Democratic party candidate,Orange
SV_3WunfJOVGncwpE1,R_1cXM4sPG07OTjp2,Yes,I am 100% certain I will vote,"Donald Trump, the Republican","Thom Tillis, the Republican","Dan Forest, the Republican",Republican,30,Male,No,White,"Associate degree (e.g. AA, AS)","Donald Trump, the Republican",The Republican party candidate,Henderson
SV_3WunfJOVGncwpE1,R_1mkjq2WPUVOXT71,No,I am likely to vote,"Donald Trump, the Republican","Thom Tillis, the Republican","Dan Forest, the Republican",Republican,28,Male,No,White,"Bachelor's degree (e.g. BA, BS)","Donald Trump, the Republican",The Republican party candidate,Franklin
SV_3WunfJOVGncwpE1,R_007qjRa0GPifOIV,Yes,I am 100% certain I will vote,Undecided,"Thom Tillis, the Republican","Dan Forest, the Republican",Unaffiliated,26,Male,No,White,"Some college, no degree","Donald Trump, the Republican",The Democratic party candidate,Durham
SV_3WunfJOVGncwpE1,R_6hxXmzBp9S27q8N,Yes,I am 100% certain I will vote,"Joe Biden, the Democrat",Undecided,"Roy Cooper, the Democrat",Unaffiliated,34,Male,No,Black or African American,"Bachelor's degree (e.g. BA, BS)","Hillary Clinton, the Democrat",The Democratic party candidate,Onslow
SV_3WunfJOVGncwpE1,R_1QKQDZdt8eh70Wf,Yes,I am 100% certain I will vote,"Donald Trump, the Republican","Cal Cunningham, the Democrat","Dan Forest, the Republican",Republican,33,Male,No,White,"Bachelor's degree (e.g. BA, BS)","Donald Trump, the Republican",The Republican party candidate,Davidson
SV_3WunfJOVGncwpE1,R_1qanp0OetKMiyFQ,Yes,I am 100% certain I will vote,"Donald Trump, the Republican","Thom Tillis, the Republican","Dan Forest, the Republican",Republican,20,Female,Yes,White,"Bachelor's degree (e.g. BA, BS)",Did not vote,Did not vote,Iredell
SV_3WunfJOVGncwpE1,R_xrzgy42XgBrsKNH,Yes,I am 100% certain I will vote,"Donald Trump, the Republican","Thom Tillis, the Republican","Dan Forest, the Republican",Republican,54,Female,No,White,"Bachelor's degree (e.g. BA, BS)","Donald Trump, the Republican",The Republican party candidate,Union
SV_3WunfJOVGncwpE1,R_2wzYgF3Y7r28L9K,Yes,I am likely to vote,"Joe Biden, the Democrat","Cal Cunningham, the Democrat","Roy Cooper, the Democrat",Democratic,47,Female,No,Black or African American,"Master's degree (e.g. MA, MS, MEd)","Hillary Clinton, the Democrat",The Democratic party candidate,Vance
SV_3WunfJOVGncwpE1,R_3RsVlILFvTRfWkd,Yes,I am likely to vote,"Donald Trump, the Republican","Thom Tillis, the Republican","Dan Forest, the Republican",Republican,49,Female,No,White,"Associate degree (e.g. AA, AS)",Did not vote,Did not vote,Henderson
SV_3WunfJOVGncwpE1,R_248fEiMZPWBlkBE,Yes,I am 100% certain I will vote,"Donald Trump, the Republican","Thom Tillis, the Republican","Dan Forest, the Republican",Other,26,Female,No,White,High school degree or equivalent (e.g. GED),Did not vote,Did not vote,Union
SV_3WunfJOVGncwpE1,R_2WU3t96xDXHyCfP,Yes,I am 100% certain I will vote,"Donald Trump, the Republican","Thom Tillis, the Republican","Dan Forest, the Republican",Unaffiliated,64,Female,No,White,"Associate degree (e.g. AA, AS)","Donald Trump, the Republican",The Republican party candidate,Beaufort
SV_3WunfJOVGncwpE1,R_1GVv41A6HCChzIi,Yes,I am 100% certain I will vote,"Joe Biden, the Democrat","Cal Cunningham, the Democrat","Roy Cooper, the Democrat",Democratic,50,Female,No,White,"Master's degree (e.g. MA, MS, MEd)","Hillary Clinton, the Democrat",The Democratic party candidate,Mecklenburg
SV_3WunfJOVGncwpE1,R_9vrpOqHnYWl8zDz,Yes,I am 100% certain I will vote,Undecided,"Cal Cunningham, the Democrat",Undecided,Democratic,34,Female,No,Black or African American,"Some college, no degree","Hillary Clinton, the Democrat",The Democratic party candidate,Mecklenburg
SV_3WunfJOVGncwpE1,R_1fZQl32T9L46Y7F,Not sure,I will definitely not vote,Undecided,"Cal Cunningham, the Democrat",Undecided,Democratic,28,Female,No,Asian,"Bachelor's degree (e.g. BA, BS)",Did not vote,Did not vote,Wake
SV_3WunfJOVGncwpE1,R_1AL8hQ6gX313P1f,Yes,I am 100% certain I will vote,"Donald Trump, the Republican",Undecided,Undecided,Republican,37,Female,No,White,High school degree or equivalent (e.g. GED),Did not vote,Did not vote,Davidson
SV_3WunfJOVGncwpE1,R_1I4bXMtkJuWnzax,Yes,I am 100% certain I will vote,"Joe Biden, the Democrat",Undecided,Undecided,Unaffiliated,28,Female,No,White,"Master's degree (e.g. MA, MS, MEd)","Hillary Clinton, the Democrat",Unsure / Don't remember,Wake
SV_3WunfJOVGncwpE1,R_1GCjIxWgHNcUmo4,Yes,I am 100% certain I will vote,"Joe Biden, the Democrat","Cal Cunningham, the Democrat","Roy Cooper, the Democrat",Unaffiliated,56,Male,No,White,High school degree or equivalent (e.g. GED),"Hillary Clinton, the Democrat",The Democratic party candidate,Watauga
SV_3WunfJOVGncwpE1,R_2zvZmKJKLTeP2af,Yes,I am 100% certain I will vote,"Donald Trump, the Republican","Thom Tillis, the Republican","Dan Forest, the Republican",Unaffiliated,47,Female,No,White,"Bachelor's degree (e.g. BA, BS)",Someone else,Unsure / Don't remember,Forsyth
SV_3WunfJOVGncwpE1,R_3JmD9rMhvu0EYcU,Yes,I am 100% certain I will vote,"Joe Biden, the Democrat","Cal Cunningham, the Democrat","Roy Cooper, the Democrat",Democratic,36,Female,No,White,High school degree or equivalent (e.g. GED),Did not vote,Did not vote,Nash
SV_3WunfJOVGncwpE1,R_DeCA16d6IBdi4QF,Yes,I am 100% certain I will vote,"Donald Trump, the Republican",Undecided,"Roy Cooper, the Democrat",Democratic,31,Female,No,White,High school degree or equivalent (e.g. GED),"Donald Trump, the Republican",The Republican party candidate,Hertford
SV_3WunfJOVGncwpE1,R_2OINvIv1v2BlczU,Yes,I am 100% certain I will vote,"Joe Biden, the Democrat","Cal Cunningham, the Democrat","Roy Cooper, the Democrat",Unaffiliated,23,Female,No,White,High school degree or equivalent (e.g. GED),"Hillary Clinton, the Democrat",The Democratic party candidate,Catawba
SV_3WunfJOVGncwpE1,R_1Nzhmy0kw2f9bqS,Yes,I am 100% certain I will vote,"Joe Biden, the Democrat","Cal Cunningham, the Democrat","Roy Cooper, the Democrat",Democratic,27,Male,No,White,"Bachelor's degree (e.g. BA, BS)","Donald Trump, the Republican",The Democratic party candidate,Watauga
SV_3WunfJOVGncwpE1,R_10UIih294BvhW4E,Yes,I am 100% certain I will vote,"Joe Biden, the Democrat","Cal Cunningham, the Democrat","Roy Cooper, the Democrat",Democratic,40,Female,No,White,"Bachelor's degree (e.g. BA, BS)","Hillary Clinton, the Democrat",The Democratic party candidate,Mecklenburg
SV_3WunfJOVGncwpE1,R_Xp5x8YWtJ7fOWSR,Yes,I am 100% certain I will vote,"Joe Biden, the Democrat","Cal Cunningham, the Democrat","Roy Cooper, the Democrat",Unaffiliated,62,Female,Yes,Black or African American,"Bachelor's degree (e.g. BA, BS)","Donald Trump, the Republican",The Republican party candidate,Northampton
SV_3WunfJOVGncwpE1,R_3MsNt2MRZT6N7bc,Yes,I am 100% certain I will vote,"Joe Biden, the Democrat","Cal Cunningham, the Democrat","Roy Cooper, the Democrat",Democratic,55,Female,No,White,"Bachelor's degree (e.g. BA, BS)","Hillary Clinton, the Democrat",The Democratic party candidate,Durham
SV_3WunfJOVGncwpE1,R_2YSdTcYsSBk2JOt,Yes,I am 100% certain I will vote,"Donald Trump, the Republican","Thom Tillis, the Republican","Dan Forest, the Republican",Republican,47,Male,No,White,"Bachelor's degree (e.g. BA, BS)","Donald Trump, the Republican",The Republican party candidate,Union
SV_3WunfJOVGncwpE1,R_2zShwfRY61Nn4Op,No,I will probably not vote,"Joe Biden, the Democrat",Undecided,Undecided,Unaffiliated,20,Male,No,Asian,"Associate degree (e.g. AA, AS)",Did not vote,Did not vote,Forsyth
SV_3WunfJOVGncwpE1,R_2TN6mJRaRDA93Cz,Yes,I am 100% certain I will vote,"Joe Biden, the Democrat","Cal Cunningham, the Democrat","Roy Cooper, the Democrat",Democratic,38,Male,No,White,"Some college, no degree","Hillary Clinton, the Democrat",,Wilkes
SV_3WunfJOVGncwpE1,R_3DtHZARCiil4h27,Yes,I am 100% certain I will vote,"Joe Biden, the Democrat",Undecided,"Roy Cooper, the Democrat",Democratic,38,Male,No,White,"Bachelor's degree (e.g. BA, BS)","Donald Trump, the Republican",The Democratic party candidate,Buncombe
SV_3WunfJOVGncwpE1,R_ZKV2ZV8xh9WwaFr,Yes,I am 100% certain I will vote,"Joe Biden, the Democrat","Thom Tillis, the Republican","Roy Cooper, the Democrat",Republican,55,Female,No,White,High school degree or equivalent (e.g. GED),Someone else,The Republican party candidate,Union
SV_3WunfJOVGncwpE1,R_3COti68AHQWitCT,Yes,I am 100% certain I will vote,"Joe Biden, the Democrat","Cal Cunningham, the Democrat","Roy Cooper, the Democrat",Democratic,40,Male,No,Asian,"Bachelor's degree (e.g. BA, BS)","Hillary Clinton, the Democrat",The Democratic party candidate,Mecklenburg
SV_3WunfJOVGncwpE1,R_2tzEqnsfVLn6ZrS,Yes,I am 100% certain I will vote,"Donald Trump, the Republican","Thom Tillis, the Republican","Dan Forest, the Republican",Republican,30,Male,Yes,Black or African American,"Master's degree (e.g. MA, MS, MEd)","Donald Trump, the Republican",The Republican party candidate,Greene
SV_3WunfJOVGncwpE1,R_0CXJcOY7dv1lgkh,Yes,I am 100% certain I will vote,"Joe Biden, the Democrat","Cal Cunningham, the Democrat","Roy Cooper, the Democrat",Democratic,44,Female,No,White,"Bachelor's degree (e.g. BA, BS)","Hillary Clinton, the Democrat",The Democratic party candidate,Catawba
SV_3WunfJOVGncwpE1,R_2rUivRXg8J6Keu0,Yes,I am 100% certain I will vote,"Donald Trump, the Republican","Thom Tillis, the Republican","Dan Forest, the Republican",Republican,34,Female,No,White,"Bachelor's degree (e.g. BA, BS)","Hillary Clinton, the Democrat",Did not vote,Union
SV_3WunfJOVGncwpE1,R_3lYYw7lCebHgEkk,Yes,I am 100% certain I will vote,"Joe Biden, the Democrat",Undecided,"Roy Cooper, the Democrat",Unaffiliated,32,Female,No,White,"Master's degree (e.g. MA, MS, MEd)","Donald Trump, the Republican",Unsure / Don't remember,Onslow
SV_3WunfJOVGncwpE1,R_3O856YKB6FAP8d6,Yes,I am likely to vote,"Donald Trump, the Republican","Thom Tillis, the Republican","Roy Cooper, the Democrat",Republican,51,Male,No,Black or African American,"Master's degree (e.g. MA, MS, MEd)","Donald Trump, the Republican",The Republican party candidate,Washington
SV_3WunfJOVGncwpE1,R_1IgXBU49iLmp0p6,Yes,I am 100% certain I will vote,Undecided,Undecided,"Roy Cooper, the Democrat",Democratic,57,Female,No,White,"Associate degree (e.g. AA, AS)",Did not vote,Unsure / Don't remember,Buncombe
SV_3WunfJOVGncwpE1,R_2VEbgqNVlaa0kAU,Yes,I am 100% certain I will vote,"Donald Trump, the Republican",Some other candidate,Some other candidate,Other,30,Female,No,White,"Bachelor's degree (e.g. BA, BS)",Someone else,Someone else,Craven
SV_3WunfJOVGncwpE1,R_3RsDLZ9XIvT8FdF,Yes,I am 100% certain I will vote,"Joe Biden, the Democrat","Cal Cunningham, the Democrat","Roy Cooper, the Democrat",Unaffiliated,33,Female,No,White,"Associate degree (e.g. AA, AS)",Someone else,The Democratic party candidate,Caswell
SV_3WunfJOVGncwpE1,R_2OUZSYHHhfaaiBI,Yes,I am 100% certain I will vote,"Joe Biden, the Democrat","Cal Cunningham, the Democrat","Roy Cooper, the Democrat",Democratic,30,Female,No,White,"Doctorate or professional degree (e.g. MD, DDS, PhD)",Did not vote,The Democratic party candidate,Wake
SV_3WunfJOVGncwpE1,R_3lB5473X0eSSn2F,Yes,I am 100% certain I will vote,"Joe Biden, the Democrat","Cal Cunningham, the Democrat","Roy Cooper, the Democrat",Unaffiliated,35,Male,No,White,"Bachelor's degree (e.g. BA, BS)","Donald Trump, the Republican",The Democratic party candidate,Cleveland
SV_3WunfJOVGncwpE1,R_1luxWByQ48bbZ8Z,Yes,I am 100% certain I will vote,Some other candidate,"Cal Cunningham, the Democrat","Dan Forest, the Republican",Democratic,41,Male,No,White,"Bachelor's degree (e.g. BA, BS)",Someone else,Did not vote,Davie
SV_3WunfJOVGncwpE1,R_2rHCm9YgCNOh0e4,Yes,I am 100% certain I will vote,"Joe Biden, the Democrat","Cal Cunningham, the Democrat","Roy Cooper, the Democrat",Democratic,29,Male,No,Asian,"Bachelor's degree (e.g. BA, BS)","Hillary Clinton, the Democrat",The Democratic party candidate,Guilford
SV_3WunfJOVGncwpE1,R_3lSQaWM4x3J9gw9,Yes,I am 100% certain I will vote,Undecided,"Thom Tillis, the Republican","Roy Cooper, the Democrat",Republican,32,Male,No,White,"Bachelor's degree (e.g. BA, BS)","Hillary Clinton, the Democrat",The Republican party candidate,Buncombe
SV_3WunfJOVGncwpE1,R_2uwbuo5VJRPSE6f,Yes,I am 100% certain I will vote,"Joe Biden, the Democrat","Cal Cunningham, the Democrat","Roy Cooper, the Democrat",Democratic,55,Female,No,White,"Master's degree (e.g. MA, MS, MEd)","Hillary Clinton, the Democrat",The Democratic party candidate,Mecklenburg
SV_3WunfJOVGncwpE1,R_1jpMBN3yccU7vO9,Yes,I am 100% certain I will vote,"Donald Trump, the Republican","Thom Tillis, the Republican","Dan Forest, the Republican",Republican,43,Female,No,White,"Bachelor's degree (e.g. BA, BS)","Donald Trump, the Republican",The Republican party candidate,Cabarrus
SV_3WunfJOVGncwpE1,R_2ROBYFk2hGVAf92,Yes,I will probably not vote,Some other candidate,Undecided,"Roy Cooper, the Democrat",Democratic,47,Female,No,White,"Bachelor's degree (e.g. BA, BS)","Hillary Clinton, the Democrat",Did not vote,Orange
SV_3WunfJOVGncwpE1,R_3GlgFn91gdwW31U,Yes,I am 100% certain I will vote,"Donald Trump, the Republican","Thom Tillis, the Republican","Dan Forest, the Republican",Republican,39,Female,No,White,"Master's degree (e.g. MA, MS, MEd)","Donald Trump, the Republican",The Republican party candidate,Surry
SV_3WunfJOVGncwpE1,R_3ESadnCSlhTz7hy,Yes,I am 100% certain I will vote,"Joe Biden, the Democrat","Cal Cunningham, the Democrat","Roy Cooper, the Democrat",Democratic,45,Female,No,White,"Bachelor's degree (e.g. BA, BS)","Hillary Clinton, the Democrat",The Democratic party candidate,Mecklenburg
SV_3WunfJOVGncwpE1,R_2UfHX7DLqQ3ZS5L,Yes,I am 100% certain I will vote,"Donald Trump, the Republican",Some other candidate,"Roy Cooper, the Democrat",Democratic,35,Female,No,White,"Bachelor's degree (e.g. BA, BS)","Donald Trump, the Republican",The Democratic party candidate,Gaston
SV_3WunfJOVGncwpE1,R_3qDsJ03blUdrRYi,Yes,I am 100% certain I will vote,Undecided,Undecided,Undecided,Democratic,26,Female,No,White,"Some college, no degree","Donald Trump, the Republican",The Republican party candidate,Washington
SV_3WunfJOVGncwpE1,R_XXHl3ZzfV3HQAa5,Yes,I am 100% certain I will vote,"Joe Biden, the Democrat","Cal Cunningham, the Democrat","Roy Cooper, the Democrat",Unaffiliated,43,Male,No,White,"Bachelor's degree (e.g. BA, BS)","Hillary Clinton, the Democrat",The Republican party candidate,Forsyth
SV_3WunfJOVGncwpE1,R_1jGKHHNyDSBCEIy,Yes,I am 100% certain I will vote,"Donald Trump, the Republican","Thom Tillis, the Republican","Dan Forest, the Republican",Republican,51,Male,No,White,"Associate degree (e.g. AA, AS)","Donald Trump, the Republican",The Republican party candidate,Montgomery
SV_3WunfJOVGncwpE1,R_2yqF8HHa0fxDel2,Yes,I am 100% certain I will vote,"Joe Biden, the Democrat","Cal Cunningham, the Democrat","Roy Cooper, the Democrat",Democratic,27,Male,Yes,White,"Bachelor's degree (e.g. BA, BS)","Hillary Clinton, the Democrat",The Democratic party candidate,Forsyth
SV_3WunfJOVGncwpE1,R_ZkO4rMR7MQdESoV,Yes,I am likely to vote,"Joe Biden, the Democrat",Undecided,"Dan Forest, the Republican",Republican,60,Female,No,White,"Bachelor's degree (e.g. BA, BS)","Hillary Clinton, the Democrat",Unsure / Don't remember,Wake
SV_3WunfJOVGncwpE1,R_XnYOQGVK8K7qbqp,Yes,I am likely to vote,"Joe Biden, the Democrat",Undecided,"Roy Cooper, the Democrat",Democratic,30,Male,No,White,"Bachelor's degree (e.g. BA, BS)","Hillary Clinton, the Democrat",The Democratic party candidate,Cleveland
SV_3WunfJOVGncwpE1,R_BzCI74H8YPmNPd7,Yes,I am 100% certain I will vote,"Donald Trump, the Republican","Thom Tillis, the Republican","Dan Forest, the Republican",Other,67,Female,No,White,"Bachelor's degree (e.g. BA, BS)","Donald Trump, the Republican",Did not vote,Wake
SV_3WunfJOVGncwpE1,R_3kFzLnuLqsdkEhA,Yes,50/50,"Joe Biden, the Democrat",Undecided,Undecided,Democratic,43,Female,No,White,"Some college, no degree",Did not vote,Did not vote,Pasquotank
SV_3WunfJOVGncwpE1,R_21EWxKiILG30Ccw,Yes,I am 100% certain I will vote,Some other candidate,"Cal Cunningham, the Democrat","Roy Cooper, the Democrat",Democratic,36,Male,No,Black or African American,"Bachelor's degree (e.g. BA, BS)",Someone else,The Democratic party candidate,Wake
SV_3WunfJOVGncwpE1,R_279a3bUtFnIWQIg,Yes,I am likely to vote,"Donald Trump, the Republican","Thom Tillis, the Republican","Dan Forest, the Republican",Republican,29,Female,No,White,"Bachelor's degree (e.g. BA, BS)","Donald Trump, the Republican",The Republican party candidate,Northampton
SV_3WunfJOVGncwpE1,R_3aw3F49tcJvYSQh,Yes,I am 100% certain I will vote,Some other candidate,Undecided,"Roy Cooper, the Democrat",Other,27,Male,No,White,"Master's degree (e.g. MA, MS, MEd)",Someone else,Did not vote,Mecklenburg
SV_3WunfJOVGncwpE1,R_A6bswpESLzTinIJ,Yes,I am 100% certain I will vote,"Joe Biden, the Democrat","Cal Cunningham, the Democrat","Roy Cooper, the Democrat",Democratic,26,Male,Yes,White,"Master's degree (e.g. MA, MS, MEd)","Donald Trump, the Republican",The Democratic party candidate,Caswell
SV_3WunfJOVGncwpE1,R_ZkT7hRToQBc4dGh,Yes,50/50,"Joe Biden, the Democrat","Cal Cunningham, the Democrat","Roy Cooper, the Democrat",Democratic,45,Male,No,White,"Bachelor's degree (e.g. BA, BS)","Hillary Clinton, the Democrat",The Democratic party candidate,Richmond
SV_3WunfJOVGncwpE1,R_3gTNpvQpYuEC8To,Yes,I am 100% certain I will vote,"Joe Biden, the Democrat","Cal Cunningham, the Democrat","Roy Cooper, the Democrat",Democratic,64,Female,No,Black or African American,"Bachelor's degree (e.g. BA, BS)","Hillary Clinton, the Democrat",The Democratic party candidate,Durham
SV_3WunfJOVGncwpE1,R_UGskWnOKw8YWZeF,Yes,I am 100% certain I will vote,"Joe Biden, the Democrat","Cal Cunningham, the Democrat","Roy Cooper, the Democrat",Democratic,35,Male,No,White,High school degree or equivalent (e.g. GED),"Hillary Clinton, the Democrat",The Democratic party candidate,Rowan
SV_3WunfJOVGncwpE1,R_1gA8mjNTqnE5UYK,Yes,I am 100% certain I will vote,"Joe Biden, the Democrat","Cal Cunningham, the Democrat","Roy Cooper, the Democrat",Unaffiliated,50,Male,No,White,"Bachelor's degree (e.g. BA, BS)","Hillary Clinton, the Democrat",The Republican party candidate,Wake
SV_3WunfJOVGncwpE1,R_1jCDQcbZA6ldyHx,Yes,I am likely to vote,Some other candidate,"Cal Cunningham, the Democrat","Roy Cooper, the Democrat",Democratic,26,Male,No,Black or African American,"Bachelor's degree (e.g. BA, BS)",Did not vote,The Democratic party candidate,Halifax
SV_3WunfJOVGncwpE1,R_2wAbOiXQhc3zpu1,Yes,I am 100% certain I will vote,"Joe Biden, the Democrat","Thom Tillis, the Republican","Dan Forest, the Republican",Republican,37,Male,No,White,"Bachelor's degree (e.g. BA, BS)","Donald Trump, the Republican",The Democratic party candidate,Richmond
SV_3WunfJOVGncwpE1,R_2s5Quvk2JwzMTP0,Yes,I am likely to vote,Some other candidate,Undecided,"Roy Cooper, the Democrat",Unaffiliated,22,Male,No,Black or African American,"Bachelor's degree (e.g. BA, BS)",Did not vote,The Democratic party candidate,Orange
SV_3WunfJOVGncwpE1,R_31tuuHuGa0Y18AD,Not sure,I am 100% certain I will vote,Undecided,"Thom Tillis, the Republican",Undecided,Unaffiliated,32,Female,No,Asian,"Master's degree (e.g. MA, MS, MEd)",Did not vote,Did not vote,Wake
SV_3WunfJOVGncwpE1,R_3izeCk4hRJjDC9U,Yes,I am 100% certain I will vote,"Joe Biden, the Democrat","Cal Cunningham, the Democrat","Roy Cooper, the Democrat",Democratic,27,Female,No,Black or African American,"Associate degree (e.g. AA, AS)","Hillary Clinton, the Democrat",The Democratic party candidate,Guilford
SV_3WunfJOVGncwpE1,R_bPMCtyVuG0N4yD7,Yes,I will probably not vote,Undecided,Undecided,"Roy Cooper, the Democrat",Democratic,43,Male,No,White,"Master's degree (e.g. MA, MS, MEd)",Did not vote,The Republican party candidate,Mecklenburg
SV_3WunfJOVGncwpE1,R_3PudZGuLoWIq7sz,Yes,I am 100% certain I will vote,Undecided,"Cal Cunningham, the Democrat","Roy Cooper, the Democrat",Democratic,28,Male,No,White,"Bachelor's degree (e.g. BA, BS)","Hillary Clinton, the Democrat",The Democratic party candidate,Durham
SV_3WunfJOVGncwpE1,R_1P2hdIFgRvUDrFk,Yes,I am 100% certain I will vote,"Joe Biden, the Democrat","Cal Cunningham, the Democrat","Roy Cooper, the Democrat",Democratic,63,Female,No,White,"Bachelor's degree (e.g. BA, BS)",Did not vote,Did not vote,Cumberland
SV_3WunfJOVGncwpE1,R_3MgkzDMGAW6qIDf,Yes,I am 100% certain I will vote,"Joe Biden, the Democrat","Cal Cunningham, the Democrat","Roy Cooper, the Democrat",Unaffiliated,21,Male,No,White,High school degree or equivalent (e.g. GED),Did not vote,Did not vote,Cumberland
SV_3WunfJOVGncwpE1,R_3CBMRkzwrgRWzw6,Yes,I am 100% certain I will vote,"Joe Biden, the Democrat","Cal Cunningham, the Democrat","Roy Cooper, the Democrat",Democratic,39,Male,No,Black or African American,"Some college, no degree","Hillary Clinton, the Democrat",The Democratic party candidate,Cumberland
SV_3WunfJOVGncwpE1,R_DzZfNl7UkHymDUR,Yes,I am 100% certain I will vote,"Joe Biden, the Democrat","Cal Cunningham, the Democrat","Roy Cooper, the Democrat",Democratic,42,Male,No,American Indian or Alaska Native,"Bachelor's degree (e.g. BA, BS)","Hillary Clinton, the Democrat",The Democratic party candidate,Union
SV_3WunfJOVGncwpE1,R_21zUmyypw29jjid,Yes,I am likely to vote,"Donald Trump, the Republican","Cal Cunningham, the Democrat","Roy Cooper, the Democrat",Democratic,27,Male,Yes,White,"Bachelor's degree (e.g. BA, BS)","Donald Trump, the Republican",The Democratic party candidate,Camden
SV_3WunfJOVGncwpE1,R_2VvBi1CFDKBTgjb,Yes,I am 100% certain I will vote,"Joe Biden, the Democrat","Cal Cunningham, the Democrat","Roy Cooper, the Democrat",Democratic,28,Female,No,White,"Bachelor's degree (e.g. BA, BS)","Hillary Clinton, the Democrat",The Democratic party candidate,Davie
SV_3WunfJOVGncwpE1,R_e2tQ0BPgeczfyKd,Yes,I am 100% certain I will vote,"Donald Trump, the Republican","Thom Tillis, the Republican","Dan Forest, the Republican",Republican,24,Male,No,White,"Master's degree (e.g. MA, MS, MEd)","Donald Trump, the Republican",The Republican party candidate,Columbus
SV_3WunfJOVGncwpE1,R_3dEWji3P85K0R0D,Yes,I am likely to vote,"Donald Trump, the Republican",Some other candidate,"Dan Forest, the Republican",Republican,18,,No,White,High school degree or equivalent (e.g. GED),"Donald Trump, the Republican",The Republican party candidate,Carteret
SV_3WunfJOVGncwpE1,R_3L6yZLb44EygzyW,Yes,50/50,Undecided,"Cal Cunningham, the Democrat","Roy Cooper, the Democrat",Unaffiliated,37,Male,No,White,"Bachelor's degree (e.g. BA, BS)","Donald Trump, the Republican",The Democratic party candidate,Guilford
SV_3WunfJOVGncwpE1,R_2zGZLDsEbp8tCxm,Yes,I am 100% certain I will vote,"Donald Trump, the Republican","Thom Tillis, the Republican","Dan Forest, the Republican",Other,64,Male,No,White,"Bachelor's degree (e.g. BA, BS)","Donald Trump, the Republican",The Republican party candidate,Alexander
SV_3WunfJOVGncwpE1,R_1CJyhOpGWgFlOdj,Yes,I am 100% certain I will vote,Some other candidate,Some other candidate,Some other candidate,Republican,51,Male,Yes,White,"Bachelor's degree (e.g. BA, BS)",Someone else,The Democratic party candidate,Alleghany
