survey_id,response_id,registered,propensity,pres,sen2,sen3,gender,age,hhinc,hisp,race,educ,pres16,gov18,county,ip_address,age_bin,educ_bin,hhinc_bin
SV_b1uTk4T6dKGW3Yh,R_3kLGR6Uc195ASEx,Yes,I am 100% certain I will vote,Undecided,Undecided,Undecided,Female,44,37,No,White,"Some college, no degree","Donald Trump, the Republican","Brian Kemp, the Republican",Coweta,76.17.90.177,30-44,no_bachelors,hhinc_lt_100
SV_b1uTk4T6dKGW3Yh,R_1otGgHEKsGxms85,Yes,I am 100% certain I will vote,"Joe Biden, the Democrat","Jon Ossoff, the Democrat","Matt Lieberman, Democrat",Male,39,150,No,White,"Bachelor's degree (e.g. BA, BS)","Hillary Clinton, the Democrat","Stacey Abrams, the Democrat",Gwinnett,66.115.169.212,30-44,bachelors,hhinc_ge_100
SV_b1uTk4T6dKGW3Yh,R_2rHH5kyO2AwXe3x,Yes,I am 100% certain I will vote,"Donald Trump, the Republican",Undecided,"Kelly Loeffler, Republican",Male,58,150,No,White,"Bachelor's degree (e.g. BA, BS)","Donald Trump, the Republican","Brian Kemp, the Republican",Hall,75.137.29.142,45-64,bachelors,hhinc_ge_100
SV_b1uTk4T6dKGW3Yh,R_214e2TtUTeVLST1,Yes,I am 100% certain I will vote,"Joe Biden, the Democrat","Jon Ossoff, the Democrat",Undecided,Male,41,150,No,White,"Bachelor's degree (e.g. BA, BS)",Did not vote,Did not vote,Fulton,69.109.129.58,30-44,bachelors,hhinc_ge_100
SV_b1uTk4T6dKGW3Yh,R_8kx2Y4eYXsWPs77,Yes,I am 100% certain I will vote,"Joe Biden, the Democrat","Jon Ossoff, the Democrat","Doug Collins, Republican",Male,32,135,No,Black or African American,"Bachelor's degree (e.g. BA, BS)",Someone else,Did not vote,Muscogee,24.96.109.56,30-44,bachelors,hhinc_ge_100
SV_b1uTk4T6dKGW3Yh,R_3F38KE0HovPivhM,Yes,I am 100% certain I will vote,"Joe Biden, the Democrat",Undecided,"Raphael Warnock, Democrat",Female,53,110,No,White,"Bachelor's degree (e.g. BA, BS)",Did not vote,"Brian Kemp, the Republican",Gwinnett,76.97.51.228,45-64,bachelors,hhinc_ge_100
SV_b1uTk4T6dKGW3Yh,R_R84Vt8FXIovUlCV,Yes,I am 100% certain I will vote,"Joe Biden, the Democrat","Jon Ossoff, the Democrat","Raphael Warnock, Democrat",Female,59,73,No,Black or African American,"Master's degree (e.g. MA, MS, MEd)","Hillary Clinton, the Democrat","Stacey Abrams, the Democrat",De Kalb,99.104.32.175,45-64,bachelors,hhinc_lt_100
SV_b1uTk4T6dKGW3Yh,R_1OBldj0euGKraIz,Yes,I am 100% certain I will vote,"Joe Biden, the Democrat","Jon Ossoff, the Democrat","Matt Lieberman, Democrat",Male,28,120,No,White,"Some college, no degree",Someone else,"Stacey Abrams, the Democrat",Butts,97.80.135.126,18-29,no_bachelors,hhinc_ge_100
SV_b1uTk4T6dKGW3Yh,R_12uocRKQfZiHq4s,Yes,I am 100% certain I will vote,"Joe Biden, the Democrat","Jon Ossoff, the Democrat","Raphael Warnock, Democrat",Female,48,67,No,Black or African American,"Master's degree (e.g. MA, MS, MEd)","Hillary Clinton, the Democrat","Stacey Abrams, the Democrat",Columbia,158.93.6.13,45-64,bachelors,hhinc_lt_100
SV_b1uTk4T6dKGW3Yh,R_1Qapjp72zLdOZP7,Yes,50/50,Undecided,Undecided,"Matt Lieberman, Democrat",Male,32,137,Yes,Black or African American,"Bachelor's degree (e.g. BA, BS)",Someone else,Someone else,Jefferson,70.185.172.132,30-44,bachelors,hhinc_ge_100
SV_b1uTk4T6dKGW3Yh,R_2b19hPhSQHtkHbl,Yes,I am 100% certain I will vote,"Donald Trump, the Republican","David Perdue, the Republican","Doug Collins, Republican",Female,53,150,No,White,"Master's degree (e.g. MA, MS, MEd)","Donald Trump, the Republican","Brian Kemp, the Republican",Cobb,73.137.230.49,45-64,bachelors,hhinc_ge_100
SV_b1uTk4T6dKGW3Yh,R_Ox6WuKzScKSuA93,Yes,I am 100% certain I will vote,"Joe Biden, the Democrat","Jon Ossoff, the Democrat","Matt Lieberman, Democrat",Male,32,97,No,Black or African American,"Bachelor's degree (e.g. BA, BS)","Hillary Clinton, the Democrat","Stacey Abrams, the Democrat",Clayton,73.82.116.157,30-44,bachelors,hhinc_lt_100
SV_b1uTk4T6dKGW3Yh,R_22W9cA6L9xdWE03,Yes,I am 100% certain I will vote,"Donald Trump, the Republican","David Perdue, the Republican",Undecided,Male,42,81,No,Black or African American,"Bachelor's degree (e.g. BA, BS)","Donald Trump, the Republican",Someone else,NA,154.16.87.99,30-44,bachelors,hhinc_lt_100
SV_b1uTk4T6dKGW3Yh,R_2wyRoj8gbknbdSn,Yes,I will probably not vote,"Donald Trump, the Republican","David Perdue, the Republican","Doug Collins, Republican",Female,32,60,No,White,"Bachelor's degree (e.g. BA, BS)",Did not vote,Did not vote,Fulton,99.1.33.116,30-44,bachelors,hhinc_lt_100
SV_b1uTk4T6dKGW3Yh,R_3GB7gQK9TW9Wd7W,Yes,50/50,"Joe Biden, the Democrat","Jon Ossoff, the Democrat","Raphael Warnock, Democrat",Female,38,NA,No,White,"Some college, no degree",Did not vote,Did not vote,Clayton,108.64.81.60,30-44,no_bachelors,hhinc_lt_100
SV_b1uTk4T6dKGW3Yh,R_3Jhfehju0ExdGhE,Yes,I am 100% certain I will vote,"Joe Biden, the Democrat","Jon Ossoff, the Democrat","Raphael Warnock, Democrat",Female,41,25,No,White,"Associate degree (e.g. AA, AS)","Hillary Clinton, the Democrat","Stacey Abrams, the Democrat",Chattooga,174.80.9.133,30-44,no_bachelors,hhinc_lt_100
SV_b1uTk4T6dKGW3Yh,R_vwCsmvkZv9jDJDP,Yes,I am 100% certain I will vote,"Joe Biden, the Democrat","Jon Ossoff, the Democrat",Undecided,Female,19,150,No,White,"Some college, no degree",Did not vote,Did not vote,Cobb,73.137.209.172,18-29,no_bachelors,hhinc_ge_100
SV_b1uTk4T6dKGW3Yh,R_27dR3x8m8doeo7k,Yes,I am 100% certain I will vote,"Joe Biden, the Democrat",Some other candidate,Undecided,Male,49,130,No,White,"Some college, no degree",Unsure / Don't remember,Someone else,Haralson,136.55.42.147,45-64,no_bachelors,hhinc_ge_100
SV_b1uTk4T6dKGW3Yh,R_3g1UZJfWUWdN1V6,Yes,I am 100% certain I will vote,"Donald Trump, the Republican","David Perdue, the Republican","Doug Collins, Republican",Female,39,115,No,White,"Bachelor's degree (e.g. BA, BS)","Donald Trump, the Republican","Brian Kemp, the Republican",Paulding,107.128.92.36,30-44,bachelors,hhinc_ge_100
SV_b1uTk4T6dKGW3Yh,R_2trN668jSELkEbt,Yes,I am 100% certain I will vote,"Joe Biden, the Democrat","David Perdue, the Republican","Kelly Loeffler, Republican",Male,28,75,Yes,White,"Master's degree (e.g. MA, MS, MEd)","Donald Trump, the Republican","Brian Kemp, the Republican",Evans,23.94.50.164,18-29,bachelors,hhinc_lt_100
SV_b1uTk4T6dKGW3Yh,R_2V9pdEAHBvWEEBY,Yes,I am 100% certain I will vote,"Joe Biden, the Democrat","Jon Ossoff, the Democrat","Raphael Warnock, Democrat",Female,65,49,No,White,"Bachelor's degree (e.g. BA, BS)","Hillary Clinton, the Democrat","Stacey Abrams, the Democrat",Cobb,108.247.232.126,65+,bachelors,hhinc_lt_100
SV_b1uTk4T6dKGW3Yh,R_30c2YVRiGCoR8Pp,Yes,I am likely to vote,"Donald Trump, the Republican","David Perdue, the Republican","Kelly Loeffler, Republican",Female,50,100,No,White,"Some college, no degree","Donald Trump, the Republican","Brian Kemp, the Republican",Fulton,74.190.196.225,45-64,no_bachelors,hhinc_ge_100
SV_b1uTk4T6dKGW3Yh,R_3kCkAYwM4QBthOZ,Yes,I am 100% certain I will vote,"Joe Biden, the Democrat","Jon Ossoff, the Democrat",Undecided,Female,35,88,No,White,"Master's degree (e.g. MA, MS, MEd)",Someone else,"Stacey Abrams, the Democrat",Fulton,168.9.213.124,30-44,bachelors,hhinc_lt_100
SV_b1uTk4T6dKGW3Yh,R_1K3JUbWPX2W5Hom,Yes,I am 100% certain I will vote,"Joe Biden, the Democrat","Jon Ossoff, the Democrat","Matt Lieberman, Democrat",Female,53,51,No,White,"Associate degree (e.g. AA, AS)","Hillary Clinton, the Democrat","Stacey Abrams, the Democrat",Fulton,68.184.146.174,45-64,no_bachelors,hhinc_lt_100
SV_b1uTk4T6dKGW3Yh,R_1jrZDi3yoQLbPFD,Yes,I will probably not vote,"Joe Biden, the Democrat",Undecided,Undecided,Male,25,59,No,White,High school diploma or equivalent (e.g. GED),Did not vote,Did not vote,Gwinnett,71.204.66.115,18-29,bachelors,hhinc_lt_100
SV_b1uTk4T6dKGW3Yh,R_1FQUgf5ASJlhFo6,Yes,I am likely to vote,Undecided,"David Perdue, the Republican","Doug Collins, Republican",Female,57,65,No,White,"Bachelor's degree (e.g. BA, BS)",Someone else,"Brian Kemp, the Republican",Fulton,24.99.48.109,45-64,bachelors,hhinc_lt_100
SV_b1uTk4T6dKGW3Yh,R_paNSBj0Dhh09Jmh,Yes,I am 100% certain I will vote,"Joe Biden, the Democrat","Jon Ossoff, the Democrat","Matt Lieberman, Democrat",Female,60,19,No,Black or African American,"Bachelor's degree (e.g. BA, BS)","Hillary Clinton, the Democrat","Stacey Abrams, the Democrat",Lowndes,75.90.109.168,45-64,bachelors,hhinc_lt_100
SV_b1uTk4T6dKGW3Yh,R_O7HBOlN00gzUYFz,Yes,I am 100% certain I will vote,"Joe Biden, the Democrat","Jon Ossoff, the Democrat",Undecided,Male,27,80,No,White,"Bachelor's degree (e.g. BA, BS)","Donald Trump, the Republican","Stacey Abrams, the Democrat",Washington,64.193.192.180,18-29,bachelors,hhinc_lt_100
SV_b1uTk4T6dKGW3Yh,R_zTms00eRnuzqYHT,No,50/50,"Joe Biden, the Democrat","Jon Ossoff, the Democrat","Kelly Loeffler, Republican",Female,20,19,No,Black or African American,High school diploma or equivalent (e.g. GED),"Hillary Clinton, the Democrat",Did not vote,Dade,66.115.166.150,18-29,bachelors,hhinc_lt_100
SV_b1uTk4T6dKGW3Yh,R_2CkQnECddW4F9qy,Yes,50/50,"Donald Trump, the Republican",Undecided,"Raphael Warnock, Democrat",Male,26,NA,No,White,"Bachelor's degree (e.g. BA, BS)",Someone else,Someone else,White,198.228.135.155,18-29,bachelors,hhinc_lt_100
SV_b1uTk4T6dKGW3Yh,R_306p7CKFPnIBOHO,Yes,I am likely to vote,"Joe Biden, the Democrat","Jon Ossoff, the Democrat","Matt Lieberman, Democrat",Female,43,43,No,Black or African American,"Associate degree (e.g. AA, AS)","Hillary Clinton, the Democrat","Stacey Abrams, the Democrat",Henry,69.211.138.16,30-44,no_bachelors,hhinc_lt_100
SV_b1uTk4T6dKGW3Yh,R_3FXzbCuQXdYevGH,Yes,I am likely to vote,Undecided,"David Perdue, the Republican","Raphael Warnock, Democrat",Female,34,75,No,White,"Bachelor's degree (e.g. BA, BS)","Donald Trump, the Republican","Brian Kemp, the Republican",De Kalb,97.89.2.159,30-44,bachelors,hhinc_lt_100
SV_b1uTk4T6dKGW3Yh,R_2CKEYgsDis1zeWA,Yes,I am 100% certain I will vote,"Joe Biden, the Democrat","Jon Ossoff, the Democrat","Matt Lieberman, Democrat",Female,60,142,No,Black or African American,"Bachelor's degree (e.g. BA, BS)","Hillary Clinton, the Democrat","Stacey Abrams, the Democrat",De Kalb,162.207.225.80,45-64,bachelors,hhinc_ge_100
SV_b1uTk4T6dKGW3Yh,R_3izrs9erFmtpgyy,Yes,I am 100% certain I will vote,"Donald Trump, the Republican","David Perdue, the Republican","Doug Collins, Republican",Female,46,65,No,American Indian or Alaska Native,"Bachelor's degree (e.g. BA, BS)","Donald Trump, the Republican","Brian Kemp, the Republican",Madison,96.32.157.30,45-64,bachelors,hhinc_lt_100
SV_b1uTk4T6dKGW3Yh,R_1q2un1LsTzBXdn8,Yes,I am 100% certain I will vote,"Donald Trump, the Republican",Some other candidate,Some other candidate,Male,33,29,Yes,White,"Bachelor's degree (e.g. BA, BS)",Someone else,Someone else,NA,47.39.177.141,30-44,bachelors,hhinc_lt_100
SV_b1uTk4T6dKGW3Yh,R_WDTqkNyOpuh8g7L,Yes,I am 100% certain I will vote,"Joe Biden, the Democrat","Jon Ossoff, the Democrat","Matt Lieberman, Democrat",Female,27,83,No,White,"Some college, no degree","Hillary Clinton, the Democrat","Stacey Abrams, the Democrat",Gwinnett,73.54.153.234,18-29,no_bachelors,hhinc_lt_100
SV_b1uTk4T6dKGW3Yh,R_1pz1KoyrcEUDzZF,Yes,I am 100% certain I will vote,"Joe Biden, the Democrat","Jon Ossoff, the Democrat","Matt Lieberman, Democrat",Female,20,55,No,White,"Some college, no degree",Did not vote,"Stacey Abrams, the Democrat",Bulloch,104.160.53.200,18-29,no_bachelors,hhinc_lt_100
SV_b1uTk4T6dKGW3Yh,R_2YKX9vsCteFQncb,Yes,I am 100% certain I will vote,"Joe Biden, the Democrat","Jon Ossoff, the Democrat","Matt Lieberman, Democrat",Male,23,70,No,White,High school diploma or equivalent (e.g. GED),"Hillary Clinton, the Democrat","Stacey Abrams, the Democrat",Baldwin,71.86.102.219,18-29,bachelors,hhinc_lt_100
SV_b1uTk4T6dKGW3Yh,R_1plLEhwCmrBdH2A,Yes,I am 100% certain I will vote,"Donald Trump, the Republican","David Perdue, the Republican","Kelly Loeffler, Republican",Female,58,147,No,White,"Master's degree (e.g. MA, MS, MEd)","Donald Trump, the Republican","Brian Kemp, the Republican",Cobb,73.82.210.72,45-64,bachelors,hhinc_ge_100
SV_b1uTk4T6dKGW3Yh,R_2t44sbcrIl9uXAn,Yes,I am 100% certain I will vote,"Joe Biden, the Democrat","Jon Ossoff, the Democrat","Raphael Warnock, Democrat",Male,49,76,No,White,"Bachelor's degree (e.g. BA, BS)","Hillary Clinton, the Democrat","Stacey Abrams, the Democrat",Brantley,196.247.50.180,45-64,bachelors,hhinc_lt_100
SV_b1uTk4T6dKGW3Yh,R_doloWRptS1e5ONP,Yes,I am likely to vote,Undecided,Undecided,Undecided,Female,63,55,No,White,"Some college, no degree","Donald Trump, the Republican",Unsure / Don't remember,Paulding,71.204.37.136,45-64,no_bachelors,hhinc_lt_100
SV_b1uTk4T6dKGW3Yh,R_215N76bLulw7msJ,Yes,I am 100% certain I will vote,"Joe Biden, the Democrat","Jon Ossoff, the Democrat",Undecided,Female,24,40,Yes,White,"Bachelor's degree (e.g. BA, BS)",Did not vote,"Stacey Abrams, the Democrat",Fulton,73.137.4.123,18-29,bachelors,hhinc_lt_100
SV_b1uTk4T6dKGW3Yh,R_2Sw22o4OQnYfykN,Yes,I am likely to vote,"Donald Trump, the Republican","David Perdue, the Republican",Undecided,Male,42,20,No,White,"Associate degree (e.g. AA, AS)",Did not vote,Did not vote,Floyd,24.125.203.214,30-44,no_bachelors,hhinc_lt_100
SV_b1uTk4T6dKGW3Yh,R_29tAMYqyaivwYsp,Yes,I am 100% certain I will vote,"Donald Trump, the Republican","David Perdue, the Republican","Doug Collins, Republican",Female,47,23,No,White,"Associate degree (e.g. AA, AS)","Donald Trump, the Republican","Brian Kemp, the Republican",Miller,74.230.40.150,45-64,no_bachelors,hhinc_lt_100
SV_b1uTk4T6dKGW3Yh,R_31zOAHsQZTDpaYE,Yes,I am 100% certain I will vote,"Donald Trump, the Republican","David Perdue, the Republican",Undecided,Female,35,66,No,White,"Associate degree (e.g. AA, AS)",Someone else,"Brian Kemp, the Republican",Catoosa,24.158.191.7,30-44,no_bachelors,hhinc_lt_100
SV_b1uTk4T6dKGW3Yh,R_2uQVxSiNwuRgQPC,Yes,I am 100% certain I will vote,"Donald Trump, the Republican","David Perdue, the Republican","Doug Collins, Republican",Male,22,26,No,White,"Some college, no degree","Donald Trump, the Republican","Brian Kemp, the Republican",Cobb,130.218.6.137,18-29,no_bachelors,hhinc_lt_100
SV_b1uTk4T6dKGW3Yh,R_1ovU1j1VFgknMVQ,No,Not sure,"Donald Trump, the Republican","David Perdue, the Republican","Kelly Loeffler, Republican",Female,35,72,No,White,"Associate degree (e.g. AA, AS)","Donald Trump, the Republican","Brian Kemp, the Republican",Gwinnett,212.103.48.158,30-44,no_bachelors,hhinc_lt_100
SV_b1uTk4T6dKGW3Yh,R_1zx1mnKiygcGfy9,Yes,I am likely to vote,"Donald Trump, the Republican","David Perdue, the Republican",Some other candidate,NA,39,118,Yes,White,"Bachelor's degree (e.g. BA, BS)","Donald Trump, the Republican","Brian Kemp, the Republican",NA,205.144.208.49,30-44,bachelors,hhinc_ge_100
SV_b1uTk4T6dKGW3Yh,R_2TzWRoQR65ZWD0T,Yes,I am 100% certain I will vote,"Donald Trump, the Republican","David Perdue, the Republican","Kelly Loeffler, Republican",Female,65,130,No,White,"Master's degree (e.g. MA, MS, MEd)","Donald Trump, the Republican","Brian Kemp, the Republican",Newton,99.174.85.51,65+,bachelors,hhinc_ge_100
SV_b1uTk4T6dKGW3Yh,R_ab1joftn5GsE69H,Yes,I am 100% certain I will vote,"Joe Biden, the Democrat","Jon Ossoff, the Democrat",Undecided,Female,37,62,No,White,"Some college, no degree",Did not vote,Did not vote,Forsyth,73.106.161.186,30-44,no_bachelors,hhinc_lt_100
SV_b1uTk4T6dKGW3Yh,R_3Dj714HaHigbw1j,Yes,I am 100% certain I will vote,"Donald Trump, the Republican","Jon Ossoff, the Democrat",Some other candidate,Male,56,122,No,White,"Master's degree (e.g. MA, MS, MEd)","Donald Trump, the Republican","Stacey Abrams, the Democrat",Heard,173.244.36.7,45-64,bachelors,hhinc_ge_100
SV_b1uTk4T6dKGW3Yh,R_3pmMSmnepIqfiYo,Yes,50/50,"Joe Biden, the Democrat","Jon Ossoff, the Democrat","Matt Lieberman, Democrat",Male,35,36,No,Black or African American,"Bachelor's degree (e.g. BA, BS)","Hillary Clinton, the Democrat","Stacey Abrams, the Democrat",Columbia,209.107.196.232,30-44,bachelors,hhinc_lt_100
SV_b1uTk4T6dKGW3Yh,R_SUbHFRp0BNbE1fX,Yes,I am 100% certain I will vote,"Donald Trump, the Republican","David Perdue, the Republican","Kelly Loeffler, Republican",Female,41,98,No,White,"Some college, no degree","Donald Trump, the Republican","Brian Kemp, the Republican",Whitfield,147.253.242.215,30-44,no_bachelors,hhinc_lt_100
SV_b1uTk4T6dKGW3Yh,R_1rJOp78bW1ooQbh,Yes,I am 100% certain I will vote,"Joe Biden, the Democrat","Jon Ossoff, the Democrat","Matt Lieberman, Democrat",Female,43,51,No,White,"Bachelor's degree (e.g. BA, BS)","Hillary Clinton, the Democrat","Stacey Abrams, the Democrat",De Kalb,170.140.212.239,30-44,bachelors,hhinc_lt_100
SV_b1uTk4T6dKGW3Yh,R_3oZapdVODJoytl0,Yes,I am 100% certain I will vote,"Joe Biden, the Democrat","Jon Ossoff, the Democrat",Undecided,Female,23,12,No,Black or African American,"Some college, no degree",Did not vote,Did not vote,Washington,97.80.146.166,18-29,no_bachelors,hhinc_lt_100
SV_b1uTk4T6dKGW3Yh,R_2uBNt1PvrPiB08x,Yes,I am 100% certain I will vote,"Joe Biden, the Democrat","Jon Ossoff, the Democrat",Undecided,Female,50,79,No,White,"Bachelor's degree (e.g. BA, BS)","Hillary Clinton, the Democrat","Stacey Abrams, the Democrat",Forsyth,73.184.0.91,45-64,bachelors,hhinc_lt_100
SV_b1uTk4T6dKGW3Yh,R_OfdhHH7BFE7LBSh,Yes,I am 100% certain I will vote,"Joe Biden, the Democrat",Undecided,Some other candidate,Female,25,51,No,White,"Some college, no degree","Donald Trump, the Republican","Brian Kemp, the Republican",Cobb,99.53.118.141,18-29,no_bachelors,hhinc_lt_100
SV_b1uTk4T6dKGW3Yh,R_11aP3fB4JBTvqRL,Yes,I am 100% certain I will vote,"Joe Biden, the Democrat","Jon Ossoff, the Democrat","Raphael Warnock, Democrat",Male,46,150,No,White,"Doctorate or professional degree (e.g. MD, DDS, PhD)","Hillary Clinton, the Democrat","Stacey Abrams, the Democrat",Cobb,75.137.8.249,45-64,bachelors,hhinc_ge_100
SV_b1uTk4T6dKGW3Yh,R_2RUtDkOyVLAPB4Y,Yes,I am likely to vote,Some other candidate,"David Perdue, the Republican","Doug Collins, Republican",Male,45,45,No,White,"Some college, no degree",Someone else,"Brian Kemp, the Republican",Jackson,40.138.162.88,45-64,no_bachelors,hhinc_lt_100
SV_b1uTk4T6dKGW3Yh,R_1odVBSiRUhejqYD,Yes,I am 100% certain I will vote,"Joe Biden, the Democrat","Jon Ossoff, the Democrat","Matt Lieberman, Democrat",Female,27,82,No,Black or African American,"Bachelor's degree (e.g. BA, BS)","Hillary Clinton, the Democrat","Stacey Abrams, the Democrat",Washington,51.81.143.192,18-29,bachelors,hhinc_lt_100
SV_b1uTk4T6dKGW3Yh,R_33eTFYg3vT6KBsZ,Yes,I am 100% certain I will vote,Some other candidate,"Jon Ossoff, the Democrat","Matt Lieberman, Democrat",Female,33,9,No,White,"Bachelor's degree (e.g. BA, BS)","Hillary Clinton, the Democrat","Stacey Abrams, the Democrat",Gwinnett,96.32.78.224,30-44,bachelors,hhinc_lt_100
SV_b1uTk4T6dKGW3Yh,R_ZJf15rD9umUVAop,Yes,I am 100% certain I will vote,"Joe Biden, the Democrat","Jon Ossoff, the Democrat",Undecided,Male,29,14,No,White,High school diploma or equivalent (e.g. GED),Did not vote,"Brian Kemp, the Republican",Ben Hill,50.96.80.130,18-29,bachelors,hhinc_lt_100
SV_b1uTk4T6dKGW3Yh,R_3O0siiVW2mTHbDo,Yes,I am 100% certain I will vote,"Joe Biden, the Democrat","Jon Ossoff, the Democrat","Raphael Warnock, Democrat",Male,39,38,No,White,"Bachelor's degree (e.g. BA, BS)","Hillary Clinton, the Democrat","Stacey Abrams, the Democrat",Monroe,198.228.132.18,30-44,bachelors,hhinc_lt_100
SV_b1uTk4T6dKGW3Yh,R_3fT3rbq6tk7H6ns,Yes,50/50,Some other candidate,"Jon Ossoff, the Democrat","Matt Lieberman, Democrat",Male,20,0,No,White,High school diploma or equivalent (e.g. GED),Did not vote,"Stacey Abrams, the Democrat",Fulton,136.55.186.30,18-29,bachelors,hhinc_lt_100
SV_b1uTk4T6dKGW3Yh,R_3po0mmUb5QUxNGM,No,I will definitely not vote,Some other candidate,Some other candidate,Undecided,Female,31,5,No,White,"Some college, no degree",Did not vote,Did not vote,Ben Hill,50.96.80.130,30-44,no_bachelors,hhinc_lt_100
SV_b1uTk4T6dKGW3Yh,R_3hosGCjpyNARCyx,Yes,I am 100% certain I will vote,"Donald Trump, the Republican","David Perdue, the Republican","Kelly Loeffler, Republican",Male,36,150,No,White,"Doctorate or professional degree (e.g. MD, DDS, PhD)",Someone else,"Brian Kemp, the Republican",Fulton,162.119.240.107,30-44,bachelors,hhinc_ge_100
SV_b1uTk4T6dKGW3Yh,R_Td5C6HAOqHQFVmx,Yes,I am 100% certain I will vote,"Joe Biden, the Democrat","Jon Ossoff, the Democrat","Raphael Warnock, Democrat",Male,32,40,No,White,"Bachelor's degree (e.g. BA, BS)","Hillary Clinton, the Democrat","Stacey Abrams, the Democrat",Fulton,73.207.198.208,30-44,bachelors,hhinc_lt_100
SV_b1uTk4T6dKGW3Yh,R_3nMzjnmJ9RVx3X3,Yes,I am likely to vote,Some other candidate,Undecided,Undecided,Female,39,55,No,White,"Bachelor's degree (e.g. BA, BS)",Someone else,"Stacey Abrams, the Democrat",Muscogee,75.40.24.179,30-44,bachelors,hhinc_lt_100
SV_b1uTk4T6dKGW3Yh,R_Q5DVIEwFdfGj1Dj,Yes,I am 100% certain I will vote,Undecided,Undecided,Undecided,Female,35,70,No,Two or more races,"Bachelor's degree (e.g. BA, BS)",Someone else,Someone else,Fulton,99.174.93.198,30-44,bachelors,hhinc_lt_100
SV_b1uTk4T6dKGW3Yh,R_1ghbaayqXdSEVTE,Yes,I am 100% certain I will vote,"Donald Trump, the Republican","David Perdue, the Republican","Kelly Loeffler, Republican",Male,57,55,No,White,"Doctorate or professional degree (e.g. MD, DDS, PhD)","Donald Trump, the Republican","Brian Kemp, the Republican",Houston,70.177.131.32,45-64,bachelors,hhinc_lt_100
SV_b1uTk4T6dKGW3Yh,R_BPzRumXZNpKAKqd,Yes,I am 100% certain I will vote,"Donald Trump, the Republican","David Perdue, the Republican",Undecided,Female,46,100,No,White,"Bachelor's degree (e.g. BA, BS)","Donald Trump, the Republican","Brian Kemp, the Republican",Chatham,69.245.105.163,45-64,bachelors,hhinc_ge_100
SV_b1uTk4T6dKGW3Yh,R_VPEVA2Wqb8rII2R,Yes,I am 100% certain I will vote,"Donald Trump, the Republican","David Perdue, the Republican","Kelly Loeffler, Republican",Male,72,150,No,White,"Master's degree (e.g. MA, MS, MEd)","Donald Trump, the Republican","Brian Kemp, the Republican",Fayette,24.99.77.209,65+,bachelors,hhinc_ge_100
SV_b1uTk4T6dKGW3Yh,R_294SHRZgaOxj95N,Yes,I am 100% certain I will vote,"Donald Trump, the Republican","David Perdue, the Republican","Kelly Loeffler, Republican",Male,60,150,No,White,"Master's degree (e.g. MA, MS, MEd)",Someone else,"Brian Kemp, the Republican",Fayette,162.226.106.84,45-64,bachelors,hhinc_ge_100
SV_b1uTk4T6dKGW3Yh,R_2uxtDvUSc3MaB2B,Yes,I am 100% certain I will vote,"Donald Trump, the Republican",Some other candidate,Some other candidate,Male,25,88,No,White,"Bachelor's degree (e.g. BA, BS)","Donald Trump, the Republican",Someone else,NA,104.190.217.105,18-29,bachelors,hhinc_lt_100
SV_b1uTk4T6dKGW3Yh,R_2xF8IPz8Zxwmaw4,Yes,I am 100% certain I will vote,"Donald Trump, the Republican","David Perdue, the Republican","Kelly Loeffler, Republican",Female,29,30,No,White,"Bachelor's degree (e.g. BA, BS)",Did not vote,"Brian Kemp, the Republican",Bibb,65.191.119.2,18-29,bachelors,hhinc_lt_100
SV_b1uTk4T6dKGW3Yh,R_3s05rSzjuDNCQjj,No,I am 100% certain I will vote,"Donald Trump, the Republican","David Perdue, the Republican",Undecided,Female,36,101,No,White,"Bachelor's degree (e.g. BA, BS)",Someone else,Someone else,NA,76.229.216.175,30-44,bachelors,hhinc_ge_100
SV_b1uTk4T6dKGW3Yh,R_2S2dE3erNWSkT9q,Yes,I will definitely not vote,Undecided,Undecided,Undecided,Female,42,57,No,White,"Bachelor's degree (e.g. BA, BS)",Did not vote,Did not vote,Spalding,99.45.34.69,30-44,bachelors,hhinc_lt_100
SV_b1uTk4T6dKGW3Yh,R_qBYEGweRwTKMblL,Yes,I am 100% certain I will vote,"Joe Biden, the Democrat","Jon Ossoff, the Democrat","Raphael Warnock, Democrat",Male,28,52,No,White,"Bachelor's degree (e.g. BA, BS)","Hillary Clinton, the Democrat","Stacey Abrams, the Democrat",Appling,205.185.209.88,18-29,bachelors,hhinc_lt_100
SV_b1uTk4T6dKGW3Yh,R_1LAycbOaYzqDQk7,Yes,50/50,"Joe Biden, the Democrat","Jon Ossoff, the Democrat","Raphael Warnock, Democrat",Female,33,45,No,Black or African American,"Some college, no degree","Hillary Clinton, the Democrat","Stacey Abrams, the Democrat",Cherokee,74.232.81.189,30-44,no_bachelors,hhinc_lt_100
SV_b1uTk4T6dKGW3Yh,R_3Musplh9of36MYG,Yes,I am 100% certain I will vote,"Joe Biden, the Democrat","Jon Ossoff, the Democrat","Matt Lieberman, Democrat",Female,64,63,No,White,"Master's degree (e.g. MA, MS, MEd)","Hillary Clinton, the Democrat",Unsure / Don't remember,Bibb,68.99.147.58,45-64,bachelors,hhinc_lt_100
SV_b1uTk4T6dKGW3Yh,R_9NtiuAVQGkmQFFv,Yes,I am 100% certain I will vote,"Donald Trump, the Republican","David Perdue, the Republican","Doug Collins, Republican",Male,43,125,No,White,"Bachelor's degree (e.g. BA, BS)","Donald Trump, the Republican","Brian Kemp, the Republican",Gwinnett,24.159.122.196,30-44,bachelors,hhinc_ge_100
SV_b1uTk4T6dKGW3Yh,R_2ZEVVjZOMLEEPli,Yes,I am 100% certain I will vote,"Donald Trump, the Republican",Some other candidate,Undecided,Male,36,84,No,White,"Bachelor's degree (e.g. BA, BS)","Donald Trump, the Republican",Did not vote,NA,104.190.217.105,30-44,bachelors,hhinc_lt_100
SV_b1uTk4T6dKGW3Yh,R_1OvnBVog2xfOoC8,Yes,I am likely to vote,"Joe Biden, the Democrat","Jon Ossoff, the Democrat",Undecided,Male,34,50,No,White,"Bachelor's degree (e.g. BA, BS)","Hillary Clinton, the Democrat",Unsure / Don't remember,Fulton,206.189.77.83,30-44,bachelors,hhinc_lt_100
SV_b1uTk4T6dKGW3Yh,R_stbqoPgBzOxeA9j,Yes,I am 100% certain I will vote,"Joe Biden, the Democrat","David Perdue, the Republican","Doug Collins, Republican",Male,54,150,No,White,"Bachelor's degree (e.g. BA, BS)","Hillary Clinton, the Democrat","Brian Kemp, the Republican",Cobb,24.99.186.74,45-64,bachelors,hhinc_ge_100
SV_b1uTk4T6dKGW3Yh,R_sp5nv8mnxdDfmFj,Yes,I am 100% certain I will vote,"Joe Biden, the Democrat","Jon Ossoff, the Democrat","Raphael Warnock, Democrat",Male,48,140,No,Two or more races,"Some college, no degree","Hillary Clinton, the Democrat","Stacey Abrams, the Democrat",Atkinson,196.247.50.180,45-64,no_bachelors,hhinc_ge_100
SV_b1uTk4T6dKGW3Yh,R_40EmL5IIywdKEVz,No,I will definitely not vote,"Joe Biden, the Democrat","Jon Ossoff, the Democrat","Matt Lieberman, Democrat",Male,30,86,No,Asian,"Master's degree (e.g. MA, MS, MEd)",Did not vote,Did not vote,Fulton,66.56.8.16,30-44,bachelors,hhinc_lt_100
SV_b1uTk4T6dKGW3Yh,R_1mVM5xqz61BRDEl,Yes,I am 100% certain I will vote,"Joe Biden, the Democrat","Jon Ossoff, the Democrat","Doug Collins, Republican",Female,69,34,No,White,"Bachelor's degree (e.g. BA, BS)","Hillary Clinton, the Democrat","Stacey Abrams, the Democrat",Dawson,196.247.50.36,65+,bachelors,hhinc_lt_100
SV_b1uTk4T6dKGW3Yh,R_9zPUbCfMjAYPGKZ,Yes,I am 100% certain I will vote,Some other candidate,"David Perdue, the Republican",Undecided,Male,34,50,No,White,"Bachelor's degree (e.g. BA, BS)",Someone else,"Brian Kemp, the Republican",Cobb,104.13.95.197,30-44,bachelors,hhinc_lt_100
SV_b1uTk4T6dKGW3Yh,R_2ylwhrHZrYnNYzg,Yes,I am 100% certain I will vote,"Joe Biden, the Democrat","Jon Ossoff, the Democrat","Raphael Warnock, Democrat",Male,43,150,No,White,"Bachelor's degree (e.g. BA, BS)","Hillary Clinton, the Democrat","Stacey Abrams, the Democrat",Gwinnett,139.72.158.28,30-44,bachelors,hhinc_ge_100
SV_b1uTk4T6dKGW3Yh,R_2742ypKTJKNIjW2,Yes,I am 100% certain I will vote,Some other candidate,Some other candidate,Some other candidate,Male,26,46,Yes,White,"Bachelor's degree (e.g. BA, BS)",Someone else,"Stacey Abrams, the Democrat",Camden,71.12.174.14,18-29,bachelors,hhinc_lt_100
SV_b1uTk4T6dKGW3Yh,R_22lG4Aubp3sQoag,Yes,I am 100% certain I will vote,"Joe Biden, the Democrat",Undecided,"Raphael Warnock, Democrat",Male,26,40,No,White,"Bachelor's degree (e.g. BA, BS)","Hillary Clinton, the Democrat","Stacey Abrams, the Democrat",Gwinnett,98.230.139.93,18-29,bachelors,hhinc_lt_100
SV_b1uTk4T6dKGW3Yh,R_2S2lRNciNX8bJIp,Yes,I will probably not vote,"Joe Biden, the Democrat","Jon Ossoff, the Democrat","Matt Lieberman, Democrat",Female,42,95,No,White,"Bachelor's degree (e.g. BA, BS)",Did not vote,Did not vote,Gwinnett,98.192.36.159,30-44,bachelors,hhinc_lt_100
SV_b1uTk4T6dKGW3Yh,R_XM46F1bVxFs8BvX,Yes,I am likely to vote,"Donald Trump, the Republican","David Perdue, the Republican","Doug Collins, Republican",Female,33,90,No,White,"Bachelor's degree (e.g. BA, BS)","Donald Trump, the Republican","Brian Kemp, the Republican",Cobb,23.114.231.93,30-44,bachelors,hhinc_lt_100
SV_b1uTk4T6dKGW3Yh,R_2X5O7ErCDC3vq7H,Yes,I am likely to vote,Undecided,Undecided,Undecided,Female,45,55,No,White,"Bachelor's degree (e.g. BA, BS)",Someone else,Did not vote,Lowndes,162.234.218.235,45-64,bachelors,hhinc_lt_100
SV_b1uTk4T6dKGW3Yh,R_3Rjs7XQFiySaIyR,Yes,I am 100% certain I will vote,"Donald Trump, the Republican","David Perdue, the Republican","Kelly Loeffler, Republican",Male,29,53,No,White,"Master's degree (e.g. MA, MS, MEd)","Donald Trump, the Republican","Brian Kemp, the Republican",Franklin,74.82.60.61,18-29,bachelors,hhinc_lt_100
SV_b1uTk4T6dKGW3Yh,R_pzzOm3m878WmVbP,Not sure,50/50,"Joe Biden, the Democrat","Jon Ossoff, the Democrat",Undecided,Female,62,63,No,White,"Some college, no degree",Did not vote,Did not vote,De Kalb,99.90.34.71,45-64,no_bachelors,hhinc_lt_100
SV_b1uTk4T6dKGW3Yh,R_2rN1RSZxId8ZidQ,Yes,I am 100% certain I will vote,"Donald Trump, the Republican","David Perdue, the Republican","Kelly Loeffler, Republican",Male,51,150,No,White,"Bachelor's degree (e.g. BA, BS)","Donald Trump, the Republican","Brian Kemp, the Republican",Fulton,99.184.131.12,45-64,bachelors,hhinc_ge_100
SV_b1uTk4T6dKGW3Yh,R_24FPtjS692sC2J7,Yes,I am 100% certain I will vote,"Joe Biden, the Democrat","Jon Ossoff, the Democrat","Matt Lieberman, Democrat",Female,31,95,No,White,"Master's degree (e.g. MA, MS, MEd)",Someone else,Did not vote,Cherokee,24.125.76.74,30-44,bachelors,hhinc_lt_100
SV_b1uTk4T6dKGW3Yh,R_2ygf9msTu74v8dX,Yes,I am 100% certain I will vote,"Joe Biden, the Democrat","Jon Ossoff, the Democrat","Raphael Warnock, Democrat",Male,68,15,No,White,High school diploma or equivalent (e.g. GED),"Hillary Clinton, the Democrat","Stacey Abrams, the Democrat",Lowndes,75.90.109.168,65+,bachelors,hhinc_lt_100
SV_b1uTk4T6dKGW3Yh,R_28OI8YkpniRhW3I,Yes,I am 100% certain I will vote,"Joe Biden, the Democrat","Jon Ossoff, the Democrat","Matt Lieberman, Democrat",Female,29,7,No,White,"Associate degree (e.g. AA, AS)","Hillary Clinton, the Democrat","Stacey Abrams, the Democrat",Crisp,68.92.101.23,18-29,no_bachelors,hhinc_lt_100
SV_cCuxNZtG7BWxBzL,R_1QAC9fHX7OIPEJ9,Yes,I am 100% certain I will vote,"Donald Trump, the Republican","David Perdue, the Republican","Doug Collins, Republican",Female,39,115,No,White,"Bachelor's degree (e.g. BA, BS)","Donald Trump, the Republican","Brian Kemp, the Republican",Paulding,107.128.92.36,30-44,bachelors,hhinc_ge_100
SV_cCuxNZtG7BWxBzL,R_2B2NZ3mcBcK1qPH,Yes,I am 100% certain I will vote,"Donald Trump, the Republican","David Perdue, the Republican","Doug Collins, Republican",Male,53,119,Yes,White,"Bachelor's degree (e.g. BA, BS)","Donald Trump, the Republican","Brian Kemp, the Republican",Forsyth,69.180.36.43,45-64,bachelors,hhinc_ge_100
SV_cCuxNZtG7BWxBzL,R_3KPXF8oLyQ9JMoR,Yes,I am likely to vote,Some other candidate,"Jon Ossoff, the Democrat","Matt Lieberman, Democrat",Female,38,100,Yes,American Indian or Alaska Native,"Bachelor's degree (e.g. BA, BS)","Donald Trump, the Republican","Stacey Abrams, the Democrat",White,154.21.104.10,30-44,bachelors,hhinc_ge_100
SV_cCuxNZtG7BWxBzL,R_2WAxWUfT2d9Z9aD,Yes,I am 100% certain I will vote,"Joe Biden, the Democrat","Jon Ossoff, the Democrat","Matt Lieberman, Democrat",Female,59,59,No,Black or African American,"Master's degree (e.g. MA, MS, MEd)","Hillary Clinton, the Democrat","Stacey Abrams, the Democrat",Gwinnett,173.248.207.118,45-64,bachelors,hhinc_lt_100
SV_cCuxNZtG7BWxBzL,R_3kjMozom3mVWHQ6,Yes,I am 100% certain I will vote,"Joe Biden, the Democrat","Jon Ossoff, the Democrat",Undecided,Female,35,81,No,White,"Master's degree (e.g. MA, MS, MEd)",Someone else,"Stacey Abrams, the Democrat",Fulton,24.99.168.181,30-44,bachelors,hhinc_lt_100
SV_cCuxNZtG7BWxBzL,R_3D56SceSWoi28L8,Yes,I am 100% certain I will vote,"Donald Trump, the Republican","David Perdue, the Republican","Kelly Loeffler, Republican",Male,53,101,No,White,"Some college, no degree","Donald Trump, the Republican","Brian Kemp, the Republican",Gwinnett,50.80.14.77,45-64,no_bachelors,hhinc_ge_100
SV_cCuxNZtG7BWxBzL,R_33dSt3lSFPdUVKG,Yes,I am 100% certain I will vote,"Donald Trump, the Republican","David Perdue, the Republican","Doug Collins, Republican",Male,38,90,No,White,"Bachelor's degree (e.g. BA, BS)","Donald Trump, the Republican","Brian Kemp, the Republican",Forsyth,76.97.166.178,30-44,bachelors,hhinc_lt_100
SV_cCuxNZtG7BWxBzL,R_2diQdhKXfd3MN9q,Yes,I will probably not vote,Some other candidate,"Jon Ossoff, the Democrat",Undecided,Male,29,14,No,White,High school diploma or equivalent (e.g. GED),Did not vote,Did not vote,Ben Hill,50.96.80.130,18-29,bachelors,hhinc_lt_100
SV_cCuxNZtG7BWxBzL,R_12ipfMtrof4Zn2p,Yes,I am 100% certain I will vote,"Donald Trump, the Republican","David Perdue, the Republican","Kelly Loeffler, Republican",Female,33,103,No,White,"Bachelor's degree (e.g. BA, BS)","Donald Trump, the Republican","Brian Kemp, the Republican",Fulton,23.114.231.93,30-44,bachelors,hhinc_ge_100
SV_cCuxNZtG7BWxBzL,R_3CVghMxXWB8LeMc,Yes,I am 100% certain I will vote,"Joe Biden, the Democrat","Jon Ossoff, the Democrat",Undecided,Female,33,18,No,Black or African American,"Some college, no degree","Hillary Clinton, the Democrat","Stacey Abrams, the Democrat",Washington,67.45.32.188,30-44,no_bachelors,hhinc_lt_100
SV_cCuxNZtG7BWxBzL,R_32IWLJCrxPq0bH8,Yes,I am 100% certain I will vote,Undecided,Undecided,Undecided,Female,44,40,No,White,"Some college, no degree","Donald Trump, the Republican","Brian Kemp, the Republican",Coweta,76.17.90.177,30-44,no_bachelors,hhinc_lt_100
SV_cCuxNZtG7BWxBzL,R_2TMDSgbhbu78JFY,Yes,I am 100% certain I will vote,"Donald Trump, the Republican",Some other candidate,Undecided,Male,42,82,No,Black or African American,"Bachelor's degree (e.g. BA, BS)",Someone else,Someone else,NA,154.16.87.99,30-44,bachelors,hhinc_lt_100
SV_cCuxNZtG7BWxBzL,R_1rr9FJiXlwexfDT,Yes,I am 100% certain I will vote,"Joe Biden, the Democrat","Jon Ossoff, the Democrat","Raphael Warnock, Democrat",Female,49,115,No,Black or African American,"Master's degree (e.g. MA, MS, MEd)","Hillary Clinton, the Democrat","Stacey Abrams, the Democrat",Henry,172.6.227.239,45-64,bachelors,hhinc_ge_100
SV_cCuxNZtG7BWxBzL,R_2dN49gC4n96xbC4,Yes,I will probably not vote,"Donald Trump, the Republican","David Perdue, the Republican","Doug Collins, Republican",Female,32,60,No,White,"Bachelor's degree (e.g. BA, BS)",Did not vote,Did not vote,Fulton,99.1.33.116,30-44,bachelors,hhinc_lt_100
SV_cCuxNZtG7BWxBzL,R_31zvUQq6p2yklGi,Yes,I am 100% certain I will vote,"Donald Trump, the Republican","David Perdue, the Republican","Doug Collins, Republican",Female,38,55,No,White,High school diploma or equivalent (e.g. GED),"Donald Trump, the Republican","Brian Kemp, the Republican",Haralson,99.203.69.114,30-44,bachelors,hhinc_lt_100
SV_cCuxNZtG7BWxBzL,R_3h60dbZwVSWAKP0,Yes,I am 100% certain I will vote,"Joe Biden, the Democrat","Jon Ossoff, the Democrat","Matt Lieberman, Democrat",Female,61,20,No,White,"Some college, no degree","Hillary Clinton, the Democrat","Stacey Abrams, the Democrat",Glynn,73.148.231.128,45-64,no_bachelors,hhinc_lt_100
SV_cCuxNZtG7BWxBzL,R_eDwareFMS9jLooF,Yes,I am 100% certain I will vote,"Donald Trump, the Republican","David Perdue, the Republican","Kelly Loeffler, Republican",Female,68,36,No,White,"Associate degree (e.g. AA, AS)","Donald Trump, the Republican","Brian Kemp, the Republican",Oglethorpe,96.32.216.238,65+,no_bachelors,hhinc_lt_100
SV_cCuxNZtG7BWxBzL,R_2EHuWrSdJayiLQW,Yes,I am likely to vote,"Joe Biden, the Democrat","Jon Ossoff, the Democrat","Matt Lieberman, Democrat",Female,22,55,No,Asian,"Bachelor's degree (e.g. BA, BS)","Hillary Clinton, the Democrat",Did not vote,Fulton,35.139.236.52,18-29,bachelors,hhinc_lt_100
SV_cCuxNZtG7BWxBzL,R_3iU56wnZLLSTlI6,Yes,I am 100% certain I will vote,"Joe Biden, the Democrat","Jon Ossoff, the Democrat","Raphael Warnock, Democrat",Male,23,76,No,White,High school diploma or equivalent (e.g. GED),"Hillary Clinton, the Democrat","Stacey Abrams, the Democrat",Baldwin,71.86.102.219,18-29,bachelors,hhinc_lt_100
SV_cCuxNZtG7BWxBzL,R_abFTdJL0O5YHljX,Yes,I will probably not vote,"Joe Biden, the Democrat",Undecided,Undecided,Female,28,150,No,White,High school diploma or equivalent (e.g. GED),Did not vote,Someone else,Whitfield,75.131.33.239,18-29,bachelors,hhinc_ge_100
SV_cCuxNZtG7BWxBzL,R_32Wx2FOfel4jgfU,Yes,I am 100% certain I will vote,"Joe Biden, the Democrat","Jon Ossoff, the Democrat","Raphael Warnock, Democrat",Female,57,24,No,Black or African American,"Associate degree (e.g. AA, AS)","Hillary Clinton, the Democrat","Stacey Abrams, the Democrat",Liberty,64.203.242.90,45-64,no_bachelors,hhinc_lt_100
SV_cCuxNZtG7BWxBzL,R_3KUZpj9hW0DZNF9,Not sure,I am likely to vote,"Joe Biden, the Democrat","Jon Ossoff, the Democrat","Matt Lieberman, Democrat",Female,25,83,No,White,"Bachelor's degree (e.g. BA, BS)","Hillary Clinton, the Democrat","Stacey Abrams, the Democrat",Cobb,73.42.136.191,18-29,bachelors,hhinc_lt_100
SV_cCuxNZtG7BWxBzL,R_vojiTXsZ4dQyZ5T,Yes,I am 100% certain I will vote,"Donald Trump, the Republican","David Perdue, the Republican","Doug Collins, Republican",Male,60,117,No,American Indian or Alaska Native,"Associate degree (e.g. AA, AS)","Donald Trump, the Republican","Brian Kemp, the Republican",Columbia,76.205.205.58,45-64,no_bachelors,hhinc_ge_100
SV_cCuxNZtG7BWxBzL,R_1JRh9AURB1coTtc,No,I will probably not vote,"Donald Trump, the Republican","David Perdue, the Republican","Doug Collins, Republican",Female,35,62,No,White,"Associate degree (e.g. AA, AS)",Did not vote,Unsure / Don't remember,Gwinnett,212.103.48.120,30-44,no_bachelors,hhinc_lt_100
SV_cCuxNZtG7BWxBzL,R_3EGp6QrS26vSDZ2,Yes,I am 100% certain I will vote,"Joe Biden, the Democrat","Jon Ossoff, the Democrat","Matt Lieberman, Democrat",Male,38,40,No,White,"Bachelor's degree (e.g. BA, BS)","Hillary Clinton, the Democrat","Stacey Abrams, the Democrat",NA,198.228.132.18,30-44,bachelors,hhinc_lt_100
SV_cCuxNZtG7BWxBzL,R_1E02UR9OX7APdrD,Yes,I am likely to vote,"Donald Trump, the Republican","David Perdue, the Republican","Doug Collins, Republican",Male,18,140,Yes,Black or African American,"Some college, no degree",Did not vote,Did not vote,Henry,75.138.92.174,18-29,no_bachelors,hhinc_ge_100
SV_cCuxNZtG7BWxBzL,R_2dYdRQheACeEGhh,Yes,I am 100% certain I will vote,"Joe Biden, the Democrat","Jon Ossoff, the Democrat","Matt Lieberman, Democrat",Male,31,97,No,Black or African American,"Bachelor's degree (e.g. BA, BS)","Hillary Clinton, the Democrat","Stacey Abrams, the Democrat",Clayton,73.82.116.157,30-44,bachelors,hhinc_lt_100
SV_cCuxNZtG7BWxBzL,R_ymSBVPnsXFAFWkp,Yes,I am 100% certain I will vote,"Joe Biden, the Democrat","Jon Ossoff, the Democrat",Undecided,Female,29,5,No,White,"Associate degree (e.g. AA, AS)","Hillary Clinton, the Democrat","Stacey Abrams, the Democrat",Crisp,68.92.101.23,18-29,no_bachelors,hhinc_lt_100
SV_cCuxNZtG7BWxBzL,R_6ySBaXaHrd9uzUl,Yes,I am likely to vote,"Joe Biden, the Democrat","Jon Ossoff, the Democrat","Matt Lieberman, Democrat",Female,43,45,No,Black or African American,"Associate degree (e.g. AA, AS)","Hillary Clinton, the Democrat","Stacey Abrams, the Democrat",Henry,69.211.138.16,30-44,no_bachelors,hhinc_lt_100
SV_cCuxNZtG7BWxBzL,R_2CjNjgl8KpSxzLG,Yes,I am 100% certain I will vote,"Donald Trump, the Republican","David Perdue, the Republican","Kelly Loeffler, Republican",Female,25,25,No,White,"Some college, no degree","Donald Trump, the Republican","Brian Kemp, the Republican",Ware,208.63.89.209,18-29,no_bachelors,hhinc_lt_100
SV_cCuxNZtG7BWxBzL,R_1M05uSbWr3snBcS,Yes,I am 100% certain I will vote,"Joe Biden, the Democrat","Jon Ossoff, the Democrat",Undecided,Female,21,24,No,White,"Some college, no degree","Hillary Clinton, the Democrat","Stacey Abrams, the Democrat",Jones,75.131.197.214,18-29,no_bachelors,hhinc_lt_100
SV_cCuxNZtG7BWxBzL,R_9LfxwcOpO8mnhXX,Yes,I am 100% certain I will vote,"Donald Trump, the Republican","David Perdue, the Republican","Kelly Loeffler, Republican",Female,25,64,No,White,"Associate degree (e.g. AA, AS)","Donald Trump, the Republican","Brian Kemp, the Republican",Madison,40.138.173.238,18-29,no_bachelors,hhinc_lt_100
SV_cCuxNZtG7BWxBzL,R_s5T5urr8wLUjdpD,Yes,I am 100% certain I will vote,"Joe Biden, the Democrat","Jon Ossoff, the Democrat","Raphael Warnock, Democrat",Female,28,90,No,Two or more races,"Bachelor's degree (e.g. BA, BS)","Hillary Clinton, the Democrat","Stacey Abrams, the Democrat",Gwinnett,75.139.128.63,18-29,bachelors,hhinc_lt_100
SV_cCuxNZtG7BWxBzL,R_3j0eAQdxVWQ2vlH,Yes,I am 100% certain I will vote,"Joe Biden, the Democrat","Jon Ossoff, the Democrat","Raphael Warnock, Democrat",Female,65,49,No,White,"Bachelor's degree (e.g. BA, BS)","Hillary Clinton, the Democrat","Stacey Abrams, the Democrat",Cobb,108.247.232.126,65+,bachelors,hhinc_lt_100
SV_cCuxNZtG7BWxBzL,R_8HA6TEZBX5I4fNn,Yes,I am likely to vote,"Donald Trump, the Republican","David Perdue, the Republican",Undecided,Male,42,20,No,White,"Associate degree (e.g. AA, AS)",Did not vote,Did not vote,Floyd,24.125.203.214,30-44,no_bachelors,hhinc_lt_100
SV_cCuxNZtG7BWxBzL,R_1CrNR9yddvQhY99,Not sure,I will definitely not vote,Some other candidate,"David Perdue, the Republican","Matt Lieberman, Democrat",Female,40,NA,No,Two or more races,"Some college, no degree",Did not vote,Did not vote,Murray,50.96.235.120,30-44,no_bachelors,hhinc_lt_100
SV_cCuxNZtG7BWxBzL,R_2yjuqG7fGtLsfTJ,Yes,I am 100% certain I will vote,"Joe Biden, the Democrat","Jon Ossoff, the Democrat","Raphael Warnock, Democrat",Female,49,85,No,White,"Master's degree (e.g. MA, MS, MEd)","Hillary Clinton, the Democrat","Stacey Abrams, the Democrat",Cobb,99.98.152.51,45-64,bachelors,hhinc_lt_100
SV_cCuxNZtG7BWxBzL,R_2cthgITvs5mEUIT,Yes,I am 100% certain I will vote,"Joe Biden, the Democrat","Jon Ossoff, the Democrat",Undecided,Female,45,15,No,White,"Some college, no degree",Did not vote,Did not vote,Cobb,73.184.101.149,45-64,no_bachelors,hhinc_lt_100
SV_cCuxNZtG7BWxBzL,R_3Xi7o52wpuKIyop,Yes,I am 100% certain I will vote,"Joe Biden, the Democrat","Jon Ossoff, the Democrat",Undecided,Male,51,150,No,White,"Master's degree (e.g. MA, MS, MEd)","Hillary Clinton, the Democrat",Did not vote,De Kalb,76.8.94.242,45-64,bachelors,hhinc_ge_100
SV_cCuxNZtG7BWxBzL,R_1PcnqpDY5Zbs7EN,Yes,I am 100% certain I will vote,"Donald Trump, the Republican","David Perdue, the Republican","Doug Collins, Republican",Female,47,21,No,White,"Associate degree (e.g. AA, AS)","Donald Trump, the Republican","Brian Kemp, the Republican",Miller,74.230.36.187,45-64,no_bachelors,hhinc_lt_100
SV_cCuxNZtG7BWxBzL,R_1qage67zmnrtk23,Yes,I am 100% certain I will vote,"Donald Trump, the Republican","David Perdue, the Republican","Doug Collins, Republican",Female,51,75,No,White,"Associate degree (e.g. AA, AS)","Donald Trump, the Republican","Brian Kemp, the Republican",Dawson,67.140.229.6,45-64,no_bachelors,hhinc_lt_100
SV_cCuxNZtG7BWxBzL,R_3CJWnHcoTNW4eho,Yes,I am likely to vote,Undecided,Undecided,Undecided,Female,39,52,No,White,"Bachelor's degree (e.g. BA, BS)",Someone else,"Stacey Abrams, the Democrat",Muscogee,75.40.24.179,30-44,bachelors,hhinc_lt_100
SV_cCuxNZtG7BWxBzL,R_2TGVWEDqeEJkhmB,Yes,I am 100% certain I will vote,"Joe Biden, the Democrat","David Perdue, the Republican","Kelly Loeffler, Republican",Male,37,105,No,Black or African American,"Bachelor's degree (e.g. BA, BS)","Hillary Clinton, the Democrat","Stacey Abrams, the Democrat",Houston,72.198.243.79,30-44,bachelors,hhinc_ge_100
SV_cCuxNZtG7BWxBzL,R_1iqDxKiGl70oHBH,Yes,I am 100% certain I will vote,"Joe Biden, the Democrat","David Perdue, the Republican","Matt Lieberman, Democrat",Female,27,40,No,White,"Associate degree (e.g. AA, AS)","Hillary Clinton, the Democrat","Stacey Abrams, the Democrat",Hall,198.99.228.72,18-29,no_bachelors,hhinc_lt_100
SV_cCuxNZtG7BWxBzL,R_SVIveBGMWDvEX0R,Yes,I am 100% certain I will vote,"Donald Trump, the Republican","David Perdue, the Republican","Kelly Loeffler, Republican",Male,51,150,No,White,"Bachelor's degree (e.g. BA, BS)","Donald Trump, the Republican","Brian Kemp, the Republican",Fulton,99.184.131.12,45-64,bachelors,hhinc_ge_100
SV_cCuxNZtG7BWxBzL,R_2VqJ6ZKwOA9FGpJ,Yes,I am 100% certain I will vote,Undecided,Undecided,Undecided,Female,35,48,No,Two or more races,"Bachelor's degree (e.g. BA, BS)",Someone else,Unsure / Don't remember,Fulton,99.174.93.198,30-44,bachelors,hhinc_lt_100
SV_cCuxNZtG7BWxBzL,R_2AG3XV0C1Pp2Hd9,Yes,I am 100% certain I will vote,"Donald Trump, the Republican","David Perdue, the Republican",Undecided,Female,37,150,No,White,"Doctorate or professional degree (e.g. MD, DDS, PhD)","Donald Trump, the Republican","Brian Kemp, the Republican",Bryan,73.21.79.42,30-44,bachelors,hhinc_ge_100
SV_cCuxNZtG7BWxBzL,R_vd8IMtn1iIWhWNj,No,I will probably not vote,Undecided,Undecided,Undecided,Female,24,22,No,Asian,"Bachelor's degree (e.g. BA, BS)",Did not vote,Did not vote,De Kalb,66.73.195.239,18-29,bachelors,hhinc_lt_100
SV_cCuxNZtG7BWxBzL,R_3EaMYASCQf2LTMF,Yes,I am 100% certain I will vote,"Joe Biden, the Democrat","Jon Ossoff, the Democrat","Matt Lieberman, Democrat",Female,20,55,No,White,"Some college, no degree",Did not vote,"Stacey Abrams, the Democrat",Bulloch,104.160.53.200,18-29,no_bachelors,hhinc_lt_100
SV_cCuxNZtG7BWxBzL,R_yHBMQevuaz2S9YR,Yes,I am 100% certain I will vote,"Joe Biden, the Democrat","Jon Ossoff, the Democrat","Matt Lieberman, Democrat",Male,55,142,No,White,"Bachelor's degree (e.g. BA, BS)","Hillary Clinton, the Democrat","Stacey Abrams, the Democrat",Fulton,73.7.50.208,45-64,bachelors,hhinc_ge_100
SV_cCuxNZtG7BWxBzL,R_3sza61LDApgqjFe,Yes,I am 100% certain I will vote,"Joe Biden, the Democrat","Jon Ossoff, the Democrat","Doug Collins, Republican",Female,69,34,No,White,"Bachelor's degree (e.g. BA, BS)","Donald Trump, the Republican","Stacey Abrams, the Democrat",Dawson,196.247.50.36,65+,bachelors,hhinc_lt_100
SV_cCuxNZtG7BWxBzL,R_2rGgD7AaINwDMqR,No,I will definitely not vote,"Joe Biden, the Democrat","Jon Ossoff, the Democrat","Matt Lieberman, Democrat",Male,30,88,No,Asian,"Master's degree (e.g. MA, MS, MEd)",Did not vote,Did not vote,Fulton,66.56.8.16,30-44,bachelors,hhinc_lt_100
SV_cCuxNZtG7BWxBzL,R_2947pZ2i9FE5pq3,Yes,I am 100% certain I will vote,"Joe Biden, the Democrat","Jon Ossoff, the Democrat","Matt Lieberman, Democrat",Female,19,25,No,Black or African American,"Some college, no degree",Did not vote,Did not vote,De Kalb,209.172.228.251,18-29,no_bachelors,hhinc_lt_100
SV_cCuxNZtG7BWxBzL,R_1EjpGH5K4bSFAZB,Yes,I am 100% certain I will vote,Undecided,"David Perdue, the Republican","Doug Collins, Republican",Male,34,50,No,White,"Bachelor's degree (e.g. BA, BS)",Someone else,"Brian Kemp, the Republican",Cobb,104.13.95.197,30-44,bachelors,hhinc_lt_100
SV_cCuxNZtG7BWxBzL,R_3p6kGI32HTy2WcN,Yes,I am 100% certain I will vote,"Joe Biden, the Democrat","Jon Ossoff, the Democrat","Raphael Warnock, Democrat",Male,46,88,Yes,Two or more races,"Some college, no degree","Hillary Clinton, the Democrat","Stacey Abrams, the Democrat",Tattnall,71.28.40.26,45-64,no_bachelors,hhinc_lt_100
SV_cCuxNZtG7BWxBzL,R_1pFo7uPaeFmAcIT,Yes,I am 100% certain I will vote,"Joe Biden, the Democrat","Jon Ossoff, the Democrat","Raphael Warnock, Democrat",Male,37,NA,No,Two or more races,"Bachelor's degree (e.g. BA, BS)","Hillary Clinton, the Democrat","Stacey Abrams, the Democrat",De Kalb,75.4.196.114,30-44,bachelors,hhinc_lt_100
SV_cCuxNZtG7BWxBzL,R_3hnnIGt5Cr2JFqJ,Yes,I am 100% certain I will vote,"Joe Biden, the Democrat","Jon Ossoff, the Democrat","Raphael Warnock, Democrat",Male,32,75,No,White,"Doctorate or professional degree (e.g. MD, DDS, PhD)","Hillary Clinton, the Democrat","Stacey Abrams, the Democrat",Clarke,47.39.152.11,30-44,bachelors,hhinc_lt_100
SV_cCuxNZtG7BWxBzL,R_3oWOlEbKxbiDGRD,Yes,50/50,"Joe Biden, the Democrat","Jon Ossoff, the Democrat",Undecided,Female,26,26,No,Two or more races,"Associate degree (e.g. AA, AS)","Hillary Clinton, the Democrat","Stacey Abrams, the Democrat",Walton,99.203.4.242,18-29,no_bachelors,hhinc_lt_100
SV_cCuxNZtG7BWxBzL,R_sMQK3ovpWicU9eF,Yes,I am 100% certain I will vote,"Joe Biden, the Democrat","Jon Ossoff, the Democrat",Undecided,Male,41,150,No,White,"Bachelor's degree (e.g. BA, BS)",Did not vote,Did not vote,Fulton,69.109.129.58,30-44,bachelors,hhinc_ge_100
SV_cCuxNZtG7BWxBzL,R_vc98YxYc2ImXSFz,Yes,I am 100% certain I will vote,"Joe Biden, the Democrat","David Perdue, the Republican",Undecided,Female,44,50,No,White,"Bachelor's degree (e.g. BA, BS)","Donald Trump, the Republican",Unsure / Don't remember,Paulding,76.20.214.200,30-44,bachelors,hhinc_lt_100
SV_cCuxNZtG7BWxBzL,R_2PptW8s7RcDLsul,Yes,I am 100% certain I will vote,"Donald Trump, the Republican","David Perdue, the Republican","Kelly Loeffler, Republican",Female,33,92,No,White,"Bachelor's degree (e.g. BA, BS)","Donald Trump, the Republican","Brian Kemp, the Republican",Fulton,23.114.231.93,30-44,bachelors,hhinc_lt_100
SV_cCuxNZtG7BWxBzL,R_1K78zCieoe09gm2,Yes,I am likely to vote,"Donald Trump, the Republican",Undecided,Undecided,Female,36,30,No,Black or African American,High school diploma or equivalent (e.g. GED),"Donald Trump, the Republican",Did not vote,Decatur,67.67.255.70,30-44,bachelors,hhinc_lt_100
SV_cCuxNZtG7BWxBzL,R_2fQtcdkiIoZoDrX,Yes,I am 100% certain I will vote,"Donald Trump, the Republican","David Perdue, the Republican","Doug Collins, Republican",Female,53,150,No,White,"Master's degree (e.g. MA, MS, MEd)","Donald Trump, the Republican","Brian Kemp, the Republican",Cobb,73.137.230.49,45-64,bachelors,hhinc_ge_100
SV_cCuxNZtG7BWxBzL,R_DcS7mBaKI9zK1MJ,Yes,I am likely to vote,"Donald Trump, the Republican",Undecided,"Matt Lieberman, Democrat",Male,25,93,No,White,"Bachelor's degree (e.g. BA, BS)","Donald Trump, the Republican",Someone else,Decatur,102.129.240.160,18-29,bachelors,hhinc_lt_100
SV_cCuxNZtG7BWxBzL,R_3hiEDfUtNtAAgIb,Yes,I am 100% certain I will vote,Undecided,"Jon Ossoff, the Democrat","Raphael Warnock, Democrat",Male,57,13,No,White,"Bachelor's degree (e.g. BA, BS)",Did not vote,Did not vote,Newton,108.91.62.79,45-64,bachelors,hhinc_lt_100
SV_cCuxNZtG7BWxBzL,R_11jOxxrOUAcitMB,Yes,I am likely to vote,"Joe Biden, the Democrat","Jon Ossoff, the Democrat",Undecided,Female,30,50,No,White,"Doctorate or professional degree (e.g. MD, DDS, PhD)","Hillary Clinton, the Democrat","Stacey Abrams, the Democrat",De Kalb,76.236.222.80,30-44,bachelors,hhinc_lt_100
SV_cCuxNZtG7BWxBzL,R_po3uTZCRtcCdzI5,Yes,I am 100% certain I will vote,"Joe Biden, the Democrat","David Perdue, the Republican","Doug Collins, Republican",Male,54,150,No,White,"Bachelor's degree (e.g. BA, BS)","Hillary Clinton, the Democrat","Brian Kemp, the Republican",Cobb,24.99.186.74,45-64,bachelors,hhinc_ge_100
SV_cCuxNZtG7BWxBzL,R_yVErm7RE8gXORmF,Yes,I will probably not vote,"Joe Biden, the Democrat","Jon Ossoff, the Democrat","Matt Lieberman, Democrat",Female,42,95,No,White,"Bachelor's degree (e.g. BA, BS)",Did not vote,Did not vote,Gwinnett,98.192.36.159,30-44,bachelors,hhinc_lt_100
SV_cCuxNZtG7BWxBzL,R_2EcWvNXMUMUxoRy,Yes,I am 100% certain I will vote,"Donald Trump, the Republican","David Perdue, the Republican","Kelly Loeffler, Republican",Male,65,51,No,White,"Master's degree (e.g. MA, MS, MEd)","Donald Trump, the Republican","Brian Kemp, the Republican",NA,75.40.24.179,65+,bachelors,hhinc_lt_100
SV_cCuxNZtG7BWxBzL,R_3oTtEjL5kIdZQOB,Yes,I am 100% certain I will vote,"Donald Trump, the Republican","David Perdue, the Republican","Matt Lieberman, Democrat",Female,25,56,Yes,White,"Bachelor's degree (e.g. BA, BS)","Donald Trump, the Republican","Stacey Abrams, the Democrat",Washington,69.142.182.225,18-29,bachelors,hhinc_lt_100
SV_cCuxNZtG7BWxBzL,R_3ew5awWxOM1ORDq,Yes,I am likely to vote,"Joe Biden, the Democrat","Jon Ossoff, the Democrat","Raphael Warnock, Democrat",Female,23,97,No,White,"Master's degree (e.g. MA, MS, MEd)","Donald Trump, the Republican","Stacey Abrams, the Democrat",Columbia,196.17.67.9,18-29,bachelors,hhinc_lt_100
SV_cCuxNZtG7BWxBzL,R_3EMwiDV4s6TW4ax,Yes,I am 100% certain I will vote,"Joe Biden, the Democrat","David Perdue, the Republican","Doug Collins, Republican",Male,37,113,No,Black or African American,"Some college, no degree","Donald Trump, the Republican","Brian Kemp, the Republican",Bulloch,96.32.147.15,30-44,no_bachelors,hhinc_ge_100
SV_cCuxNZtG7BWxBzL,R_32R4toJlwD3VLWW,Yes,I am 100% certain I will vote,"Donald Trump, the Republican","Jon Ossoff, the Democrat","Doug Collins, Republican",Male,39,104,Yes,White,"Bachelor's degree (e.g. BA, BS)","Donald Trump, the Republican","Brian Kemp, the Republican",Coweta,23.251.91.96,30-44,bachelors,hhinc_ge_100
SV_cCuxNZtG7BWxBzL,R_PLOG7ggOExU4sfv,Yes,I am 100% certain I will vote,"Joe Biden, the Democrat","Jon Ossoff, the Democrat",Undecided,Male,29,71,No,White,"Bachelor's degree (e.g. BA, BS)","Hillary Clinton, the Democrat","Stacey Abrams, the Democrat",Washington,64.193.192.180,18-29,bachelors,hhinc_lt_100
SV_cCuxNZtG7BWxBzL,R_XjL5U53DIbwGFJn,Yes,I am 100% certain I will vote,"Joe Biden, the Democrat","Jon Ossoff, the Democrat","Matt Lieberman, Democrat",Male,56,46,Yes,White,"Bachelor's degree (e.g. BA, BS)","Hillary Clinton, the Democrat","Stacey Abrams, the Democrat",Whitfield,24.176.98.239,45-64,bachelors,hhinc_lt_100
SV_cCuxNZtG7BWxBzL,R_O6Xe47T140ZH7qh,Yes,I am likely to vote,"Donald Trump, the Republican",Some other candidate,"Matt Lieberman, Democrat",Female,58,73,No,White,"Bachelor's degree (e.g. BA, BS)","Hillary Clinton, the Democrat","Stacey Abrams, the Democrat",White,198.228.69.231,45-64,bachelors,hhinc_lt_100
SV_cCuxNZtG7BWxBzL,R_2wSLaA9FeiE9QRp,Yes,I am 100% certain I will vote,"Joe Biden, the Democrat","Jon Ossoff, the Democrat","Raphael Warnock, Democrat",Male,68,15,No,White,High school diploma or equivalent (e.g. GED),"Hillary Clinton, the Democrat",NA,Lowndes,75.90.109.168,65+,bachelors,hhinc_lt_100
SV_cCuxNZtG7BWxBzL,R_129z0GMeB2w8MRD,Yes,I am likely to vote,"Donald Trump, the Republican",Some other candidate,Some other candidate,Female,58,104,No,White,"Bachelor's degree (e.g. BA, BS)","Donald Trump, the Republican","Stacey Abrams, the Democrat",Jeff Davis,68.101.8.246,45-64,bachelors,hhinc_ge_100
SV_cCuxNZtG7BWxBzL,R_2ZTSeuMUIiVHta8,Yes,I am 100% certain I will vote,"Joe Biden, the Democrat",Undecided,"Kelly Loeffler, Republican",Male,58,150,No,White,"Bachelor's degree (e.g. BA, BS)",Someone else,"Stacey Abrams, the Democrat",Hall,75.137.29.142,45-64,bachelors,hhinc_ge_100
SV_cCuxNZtG7BWxBzL,R_2X1cXSZTQ9jq7aB,Yes,I am 100% certain I will vote,"Joe Biden, the Democrat","Jon Ossoff, the Democrat","Matt Lieberman, Democrat",Male,28,52,No,White,"Bachelor's degree (e.g. BA, BS)","Hillary Clinton, the Democrat","Stacey Abrams, the Democrat",Appling,205.185.209.87,18-29,bachelors,hhinc_lt_100
SV_cCuxNZtG7BWxBzL,R_1Q42lcMh5e6Ll4V,Yes,I am 100% certain I will vote,"Donald Trump, the Republican","David Perdue, the Republican","Kelly Loeffler, Republican",Female,46,100,No,White,"Bachelor's degree (e.g. BA, BS)","Donald Trump, the Republican","Brian Kemp, the Republican",Chatham,69.245.105.163,45-64,bachelors,hhinc_ge_100
SV_cCuxNZtG7BWxBzL,R_3PtS9tF4UovXVJM,Yes,I am 100% certain I will vote,"Joe Biden, the Democrat","Jon Ossoff, the Democrat","Raphael Warnock, Democrat",Female,35,43,No,Black or African American,"Some college, no degree","Hillary Clinton, the Democrat","Stacey Abrams, the Democrat",Paulding,108.80.13.240,30-44,no_bachelors,hhinc_lt_100
SV_cCuxNZtG7BWxBzL,R_2CP1GbYiNuoq7S4,Yes,I am 100% certain I will vote,"Donald Trump, the Republican",Some other candidate,Some other candidate,Male,40,96,Yes,White,"Bachelor's degree (e.g. BA, BS)","Donald Trump, the Republican","Stacey Abrams, the Democrat",Twiggs,73.106.197.57,30-44,bachelors,hhinc_lt_100
SV_cCuxNZtG7BWxBzL,R_1OleGcsmTXWTUBl,Yes,50/50,"Joe Biden, the Democrat",Undecided,Undecided,Female,22,10,No,Black or African American,"Some college, no degree","Hillary Clinton, the Democrat",Did not vote,Washington,97.80.146.166,18-29,no_bachelors,hhinc_lt_100
SV_cCuxNZtG7BWxBzL,R_2XoGDnySnw7F8SD,Yes,I am likely to vote,"Joe Biden, the Democrat","Jon Ossoff, the Democrat","Matt Lieberman, Democrat",Male,28,24,No,Black or African American,"Bachelor's degree (e.g. BA, BS)","Hillary Clinton, the Democrat","Stacey Abrams, the Democrat",Lincoln,209.107.196.45,18-29,bachelors,hhinc_lt_100
SV_cCuxNZtG7BWxBzL,R_cHYYvALb4CYD3Wh,Yes,I am 100% certain I will vote,"Joe Biden, the Democrat","Jon Ossoff, the Democrat","Matt Lieberman, Democrat",Male,49,41,No,White,High school diploma or equivalent (e.g. GED),"Hillary Clinton, the Democrat","Stacey Abrams, the Democrat",Ware,172.58.107.125,45-64,bachelors,hhinc_lt_100
SV_cCuxNZtG7BWxBzL,R_2SiVlBGD0yNEZxw,Yes,I am 100% certain I will vote,"Joe Biden, the Democrat",Undecided,Undecided,Male,19,150,No,White,"Some college, no degree",Did not vote,Did not vote,Cherokee,209.51.92.226,18-29,no_bachelors,hhinc_ge_100
SV_cCuxNZtG7BWxBzL,R_1mr5fBBUDQaUFWp,Yes,I am likely to vote,"Donald Trump, the Republican","David Perdue, the Republican",Undecided,Male,42,20,No,White,"Some college, no degree",Did not vote,Did not vote,Floyd,24.125.203.214,30-44,no_bachelors,hhinc_lt_100
SV_cCuxNZtG7BWxBzL,R_3hoLODCXHt6zNGW,Yes,I am likely to vote,Undecided,Undecided,Undecided,Female,45,57,No,White,"Bachelor's degree (e.g. BA, BS)",Someone else,Did not vote,Lowndes,162.234.218.235,45-64,bachelors,hhinc_lt_100
SV_cCuxNZtG7BWxBzL,R_3KIbfhjZlo0M6Cq,Yes,I am 100% certain I will vote,"Donald Trump, the Republican","David Perdue, the Republican","Kelly Loeffler, Republican",Female,50,119,No,White,"Master's degree (e.g. MA, MS, MEd)","Donald Trump, the Republican","Brian Kemp, the Republican",Colquitt,75.90.110.90,45-64,bachelors,hhinc_ge_100
SV_cCuxNZtG7BWxBzL,R_08jP3ag2I5HNYoF,Yes,I am 100% certain I will vote,"Joe Biden, the Democrat","Jon Ossoff, the Democrat","Raphael Warnock, Democrat",Male,46,150,No,White,"Doctorate or professional degree (e.g. MD, DDS, PhD)","Hillary Clinton, the Democrat","Stacey Abrams, the Democrat",Cobb,75.137.8.249,45-64,bachelors,hhinc_ge_100
SV_cCuxNZtG7BWxBzL,R_3scBwg3pzP6P4fn,Yes,I am 100% certain I will vote,"Joe Biden, the Democrat","Jon Ossoff, the Democrat","Matt Lieberman, Democrat",Female,38,35,No,White,"Some college, no degree","Hillary Clinton, the Democrat","Stacey Abrams, the Democrat",Fulton,136.55.168.92,30-44,no_bachelors,hhinc_lt_100
SV_cCuxNZtG7BWxBzL,R_2ysJKKSTZdwx0Zb,Yes,I am 100% certain I will vote,"Joe Biden, the Democrat","Jon Ossoff, the Democrat","Matt Lieberman, Democrat",Male,39,150,No,White,"Bachelor's degree (e.g. BA, BS)","Hillary Clinton, the Democrat","Stacey Abrams, the Democrat",Gwinnett,66.115.169.212,30-44,bachelors,hhinc_ge_100
SV_cCuxNZtG7BWxBzL,R_2AR4GvSTVQsqgDn,Yes,I am 100% certain I will vote,"Joe Biden, the Democrat","Jon Ossoff, the Democrat",Undecided,Female,31,50,No,Black or African American,"Master's degree (e.g. MA, MS, MEd)","Hillary Clinton, the Democrat","Stacey Abrams, the Democrat",Richmond,174.63.249.253,30-44,bachelors,hhinc_lt_100
SV_cCuxNZtG7BWxBzL,R_PBqJR4PK0zZntCh,Yes,I am 100% certain I will vote,"Donald Trump, the Republican","David Perdue, the Republican",Undecided,Male,29,48,No,White,"Master's degree (e.g. MA, MS, MEd)","Donald Trump, the Republican","Brian Kemp, the Republican",Peach,65.49.2.184,18-29,bachelors,hhinc_lt_100
SV_cCuxNZtG7BWxBzL,R_bC5arHuRkWkhidb,No,I will probably not vote,Undecided,Undecided,Undecided,Female,30,93,No,White,"Bachelor's degree (e.g. BA, BS)",Did not vote,Did not vote,Fulton,76.97.160.86,30-44,bachelors,hhinc_lt_100
SV_cCuxNZtG7BWxBzL,R_aarSVwLakyIqYAp,Yes,I am 100% certain I will vote,"Donald Trump, the Republican","David Perdue, the Republican","Kelly Loeffler, Republican",Male,56,67,No,White,"Associate degree (e.g. AA, AS)","Donald Trump, the Republican","Brian Kemp, the Republican",Floyd,73.137.65.140,45-64,no_bachelors,hhinc_lt_100
SV_cCuxNZtG7BWxBzL,R_3pimqVIjmwxrC6g,No,I will probably not vote,Undecided,Undecided,Undecided,Female,29,21,Yes,Two or more races,"Some college, no degree",Did not vote,Did not vote,Hall,108.76.115.0,18-29,no_bachelors,hhinc_lt_100
SV_cCuxNZtG7BWxBzL,R_2CiSel1vIO3XAYo,Yes,I am 100% certain I will vote,"Joe Biden, the Democrat","Jon Ossoff, the Democrat","Raphael Warnock, Democrat",Male,48,65,No,White,"Associate degree (e.g. AA, AS)","Donald Trump, the Republican","Stacey Abrams, the Democrat",Houston,196.247.50.12,45-64,no_bachelors,hhinc_lt_100
SV_cCuxNZtG7BWxBzL,R_23gybddMQfV1XK7,Yes,I am 100% certain I will vote,"Donald Trump, the Republican","David Perdue, the Republican","Kelly Loeffler, Republican",NA,33,92,No,White,"Bachelor's degree (e.g. BA, BS)","Donald Trump, the Republican","Brian Kemp, the Republican",Fulton,23.114.231.93,30-44,bachelors,hhinc_lt_100
SV_cCuxNZtG7BWxBzL,R_1dbQSp9Xvd6SCCU,Yes,50/50,"Joe Biden, the Democrat","Jon Ossoff, the Democrat",Some other candidate,Male,26,90,No,White,"Bachelor's degree (e.g. BA, BS)","Hillary Clinton, the Democrat","Stacey Abrams, the Democrat",Washington,198.228.135.155,18-29,bachelors,hhinc_lt_100
SV_cwDcpw2LU39xXP7,R_2ro7uaIgPZKUvru,Yes,I am 100% certain I will vote,"Donald Trump, the Republican","David Perdue, the Republican","Kelly Loeffler, Republican",Male,31,63,No,White,"Bachelor's degree (e.g. BA, BS)","Donald Trump, the Republican","Brian Kemp, the Republican",Fulton,205.173.105.221,30-44,bachelors,hhinc_lt_100
SV_cwDcpw2LU39xXP7,R_3MMdSSBybhdF6fn,Yes,I am 100% certain I will vote,"Donald Trump, the Republican","David Perdue, the Republican",Undecided,Female,37,150,No,White,"Doctorate or professional degree (e.g. MD, DDS, PhD)","Donald Trump, the Republican","Brian Kemp, the Republican",Bryan,73.21.79.42,30-44,bachelors,hhinc_ge_100
SV_cwDcpw2LU39xXP7,R_sFKjG8tUKZSeGwV,Yes,I am 100% certain I will vote,"Joe Biden, the Democrat","Jon Ossoff, the Democrat","Matt Lieberman, Democrat",Female,20,55,No,White,"Some college, no degree",Did not vote,"Stacey Abrams, the Democrat",Bulloch,104.160.53.200,18-29,no_bachelors,hhinc_lt_100
SV_cwDcpw2LU39xXP7,R_TjBRtLRgrh16q2d,Yes,I am likely to vote,"Joe Biden, the Democrat","Jon Ossoff, the Democrat","Raphael Warnock, Democrat",Female,29,50,No,White,"Bachelor's degree (e.g. BA, BS)","Hillary Clinton, the Democrat",Someone else,Greene,37.120.147.173,18-29,bachelors,hhinc_lt_100
SV_cwDcpw2LU39xXP7,R_1JEkWxf9zUFYVEi,Yes,I am 100% certain I will vote,"Joe Biden, the Democrat","Jon Ossoff, the Democrat","Matt Lieberman, Democrat",Male,43,30,No,White,"Some college, no degree","Hillary Clinton, the Democrat","Stacey Abrams, the Democrat",Bartow,24.99.114.188,30-44,no_bachelors,hhinc_lt_100
SV_cwDcpw2LU39xXP7,R_tDjecKfAUQ3q6Pv,Yes,I am 100% certain I will vote,"Joe Biden, the Democrat","Jon Ossoff, the Democrat","Raphael Warnock, Democrat",Male,30,111,No,White,"Bachelor's degree (e.g. BA, BS)","Donald Trump, the Republican","Stacey Abrams, the Democrat",Walton,73.137.244.47,30-44,bachelors,hhinc_ge_100
SV_cwDcpw2LU39xXP7,R_3RgT25sObusc3i0,Yes,I am 100% certain I will vote,"Joe Biden, the Democrat","Jon Ossoff, the Democrat",Undecided,Male,41,150,No,White,"Bachelor's degree (e.g. BA, BS)",Did not vote,Did not vote,Fulton,69.109.129.58,30-44,bachelors,hhinc_ge_100
SV_cwDcpw2LU39xXP7,R_3kAhdTixVbUWSFz,Yes,I am 100% certain I will vote,"Joe Biden, the Democrat","Jon Ossoff, the Democrat","Matt Lieberman, Democrat",Female,43,36,No,White,"Some college, no degree",Someone else,"Brian Kemp, the Republican",Fulton,24.98.168.252,30-44,no_bachelors,hhinc_lt_100
SV_cwDcpw2LU39xXP7,R_1RH1hHqK94sZ7Ed,Yes,I am 100% certain I will vote,"Joe Biden, the Democrat","David Perdue, the Republican","Raphael Warnock, Democrat",Male,35,122,Yes,Native Hawaiian or Pacific Islander,"Associate degree (e.g. AA, AS)","Donald Trump, the Republican",Someone else,Baldwin,67.191.222.87,30-44,no_bachelors,hhinc_ge_100
SV_cwDcpw2LU39xXP7,R_1pFkOhSQZ5lm4jE,Yes,I am likely to vote,"Joe Biden, the Democrat","Jon Ossoff, the Democrat","Raphael Warnock, Democrat",Male,21,18,No,Black or African American,High school diploma or equivalent (e.g. GED),Did not vote,"Stacey Abrams, the Democrat",Bleckley,66.115.175.43,18-29,bachelors,hhinc_lt_100
SV_cwDcpw2LU39xXP7,R_3J4WUuYPUkkQC0s,Yes,I am 100% certain I will vote,"Joe Biden, the Democrat","Jon Ossoff, the Democrat","Raphael Warnock, Democrat",Female,65,49,No,White,"Bachelor's degree (e.g. BA, BS)","Hillary Clinton, the Democrat","Stacey Abrams, the Democrat",Cobb,108.247.232.126,65+,bachelors,hhinc_lt_100
SV_cwDcpw2LU39xXP7,R_33DWHobZttN3njk,Yes,I am 100% certain I will vote,"Joe Biden, the Democrat","Jon Ossoff, the Democrat","Doug Collins, Republican",Male,43,19,No,White,"Bachelor's degree (e.g. BA, BS)",Did not vote,Did not vote,Cobb,96.86.248.5,30-44,bachelors,hhinc_lt_100
SV_cwDcpw2LU39xXP7,R_1hW2D3IjlEdVt1b,Yes,I am 100% certain I will vote,"Donald Trump, the Republican","David Perdue, the Republican","Kelly Loeffler, Republican",Male,72,150,No,White,"Master's degree (e.g. MA, MS, MEd)","Donald Trump, the Republican","Brian Kemp, the Republican",Fayette,24.99.77.209,65+,bachelors,hhinc_ge_100
SV_cwDcpw2LU39xXP7,R_Z9kuN1CrfaFkvx7,Yes,I am 100% certain I will vote,"Joe Biden, the Democrat","Jon Ossoff, the Democrat","Matt Lieberman, Democrat",Male,56,46,Yes,White,"Bachelor's degree (e.g. BA, BS)","Hillary Clinton, the Democrat","Stacey Abrams, the Democrat",NA,24.176.98.239,45-64,bachelors,hhinc_lt_100
SV_cwDcpw2LU39xXP7,R_3JwHSSZcHTc4o2W,Yes,I am 100% certain I will vote,"Joe Biden, the Democrat","Jon Ossoff, the Democrat","Raphael Warnock, Democrat",Female,25,30,No,White,"Bachelor's degree (e.g. BA, BS)","Hillary Clinton, the Democrat","Stacey Abrams, the Democrat",Fulton,76.120.46.184,18-29,bachelors,hhinc_lt_100
SV_cwDcpw2LU39xXP7,R_1guQ1iuh1T9j9yR,Yes,I am 100% certain I will vote,"Donald Trump, the Republican","David Perdue, the Republican","Raphael Warnock, Democrat",Male,56,106,No,White,"Master's degree (e.g. MA, MS, MEd)","Donald Trump, the Republican","Brian Kemp, the Republican",Effingham,173.244.36.63,45-64,bachelors,hhinc_ge_100
SV_cwDcpw2LU39xXP7,R_3P6kZr1PBUvYVfU,Yes,I am 100% certain I will vote,"Donald Trump, the Republican","David Perdue, the Republican","Doug Collins, Republican",Female,51,72,No,White,"Some college, no degree","Donald Trump, the Republican","Brian Kemp, the Republican",Dawson,67.140.229.6,45-64,no_bachelors,hhinc_lt_100
SV_cwDcpw2LU39xXP7,R_2WGR4k9pzxvzqJe,No,I will definitely not vote,"Donald Trump, the Republican",Undecided,Undecided,Male,23,10,No,Asian,"Some college, no degree",Did not vote,Did not vote,NA,181.215.172.122,18-29,no_bachelors,hhinc_lt_100
SV_cwDcpw2LU39xXP7,R_1pEXFEp8trW1z7i,Yes,I am 100% certain I will vote,"Donald Trump, the Republican",Undecided,Some other candidate,NA,25,91,No,White,"Bachelor's degree (e.g. BA, BS)","Donald Trump, the Republican","Brian Kemp, the Republican",Decatur,99.35.149.189,18-29,bachelors,hhinc_lt_100
SV_cwDcpw2LU39xXP7,R_1K1Dr8c8rNcu161,Yes,I am 100% certain I will vote,"Donald Trump, the Republican","David Perdue, the Republican","Kelly Loeffler, Republican",NA,57,46,No,White,"Doctorate or professional degree (e.g. MD, DDS, PhD)","Donald Trump, the Republican","Brian Kemp, the Republican",Houston,70.177.131.32,45-64,bachelors,hhinc_lt_100
SV_cwDcpw2LU39xXP7,R_2AYD0OaNxzK3v4j,Yes,I am 100% certain I will vote,"Joe Biden, the Democrat","Jon Ossoff, the Democrat",Undecided,Female,64,60,No,White,"Master's degree (e.g. MA, MS, MEd)","Hillary Clinton, the Democrat","Stacey Abrams, the Democrat",Clarke,107.213.212.105,45-64,bachelors,hhinc_lt_100
SV_cwDcpw2LU39xXP7,R_2EFWjyJcugJhzfR,Yes,I am 100% certain I will vote,"Joe Biden, the Democrat","Jon Ossoff, the Democrat","Matt Lieberman, Democrat",Female,50,79,No,White,"Bachelor's degree (e.g. BA, BS)","Hillary Clinton, the Democrat","Stacey Abrams, the Democrat",Forsyth,73.184.0.91,45-64,bachelors,hhinc_lt_100
SV_cwDcpw2LU39xXP7,R_3243StShI5n5CgU,Yes,I am 100% certain I will vote,"Joe Biden, the Democrat","Jon Ossoff, the Democrat","Matt Lieberman, Democrat",Male,38,40,No,White,"Bachelor's degree (e.g. BA, BS)","Hillary Clinton, the Democrat","Stacey Abrams, the Democrat",Camden,198.228.132.18,30-44,bachelors,hhinc_lt_100
SV_cwDcpw2LU39xXP7,R_2zr2o0OLl4IKurt,Yes,I am 100% certain I will vote,"Donald Trump, the Republican","David Perdue, the Republican","Kelly Loeffler, Republican",Female,32,33,No,White,"Some college, no degree",Did not vote,Did not vote,Crisp,173.20.143.63,30-44,no_bachelors,hhinc_lt_100
SV_cwDcpw2LU39xXP7,R_BunzotiFIqIIGSl,Yes,I will probably not vote,NA,"Jon Ossoff, the Democrat","Matt Lieberman, Democrat",Female,42,95,NA,White,"Bachelor's degree (e.g. BA, BS)",Did not vote,Did not vote,Gwinnett,98.192.36.159,30-44,bachelors,hhinc_lt_100
SV_cwDcpw2LU39xXP7,R_3HY1FqMn6Wgwa1l,Yes,I am 100% certain I will vote,"Donald Trump, the Republican","David Perdue, the Republican","Doug Collins, Republican",Male,57,26,No,White,"Some college, no degree","Donald Trump, the Republican","Brian Kemp, the Republican",Carroll,173.168.19.163,45-64,no_bachelors,hhinc_lt_100
SV_cwDcpw2LU39xXP7,R_szHruUx3p8x3MNr,Yes,I am 100% certain I will vote,"Joe Biden, the Democrat","Jon Ossoff, the Democrat","Raphael Warnock, Democrat",Male,30,42,No,Asian,"Associate degree (e.g. AA, AS)","Hillary Clinton, the Democrat","Stacey Abrams, the Democrat",Chatham,161.167.229.15,30-44,no_bachelors,hhinc_lt_100
SV_cwDcpw2LU39xXP7,R_3PSvSKPdOKZKgqU,Yes,I am likely to vote,"Joe Biden, the Democrat","Jon Ossoff, the Democrat","Raphael Warnock, Democrat",Male,37,55,No,White,"Bachelor's degree (e.g. BA, BS)",Did not vote,Someone else,Fulton,191.96.97.58,30-44,bachelors,hhinc_lt_100
SV_cwDcpw2LU39xXP7,R_2aJ5bwJeAscQwbT,Yes,I am likely to vote,"Joe Biden, the Democrat",Undecided,Undecided,Female,23,9,No,Black or African American,"Some college, no degree","Hillary Clinton, the Democrat",Did not vote,Washington,97.80.146.166,18-29,no_bachelors,hhinc_lt_100
SV_cwDcpw2LU39xXP7,R_308M2GwW51xjKmA,Yes,I am 100% certain I will vote,"Joe Biden, the Democrat","Jon Ossoff, the Democrat","Raphael Warnock, Democrat",Male,29,61,No,White,"Bachelor's degree (e.g. BA, BS)","Hillary Clinton, the Democrat","Stacey Abrams, the Democrat",Twiggs,196.247.50.132,18-29,bachelors,hhinc_lt_100
SV_cwDcpw2LU39xXP7,R_DBvcM662naaeTIZ,Yes,I am 100% certain I will vote,"Joe Biden, the Democrat","Jon Ossoff, the Democrat","Matt Lieberman, Democrat",Female,41,129,No,Black or African American,"Bachelor's degree (e.g. BA, BS)","Hillary Clinton, the Democrat","Stacey Abrams, the Democrat",Cobb,148.78.240.30,30-44,bachelors,hhinc_ge_100
SV_cwDcpw2LU39xXP7,R_1QrOgA9s2HzP3RB,Yes,I am 100% certain I will vote,"Joe Biden, the Democrat","Jon Ossoff, the Democrat",Undecided,Male,37,83,No,Black or African American,"Bachelor's degree (e.g. BA, BS)","Hillary Clinton, the Democrat","Stacey Abrams, the Democrat",Irwin,72.198.243.79,30-44,bachelors,hhinc_lt_100
SV_cwDcpw2LU39xXP7,R_ue423593LmvHKUh,Yes,I am 100% certain I will vote,"Donald Trump, the Republican",Undecided,"Doug Collins, Republican",Female,41,50,No,White,"Some college, no degree","Donald Trump, the Republican","Brian Kemp, the Republican",Cobb,73.137.229.126,30-44,no_bachelors,hhinc_lt_100
SV_cwDcpw2LU39xXP7,R_1Q6OTJ5OrhXli6O,Yes,I am likely to vote,"Joe Biden, the Democrat","Jon Ossoff, the Democrat","Matt Lieberman, Democrat",Female,43,45,No,Black or African American,"Associate degree (e.g. AA, AS)","Hillary Clinton, the Democrat","Stacey Abrams, the Democrat",Henry,69.211.138.16,30-44,no_bachelors,hhinc_lt_100
SV_cwDcpw2LU39xXP7,R_3IYIyHsRcscBHAm,Yes,I am 100% certain I will vote,"Donald Trump, the Republican","David Perdue, the Republican","Kelly Loeffler, Republican",Male,65,52,No,White,"Master's degree (e.g. MA, MS, MEd)","Donald Trump, the Republican","Brian Kemp, the Republican",Muscogee,75.40.24.179,65+,bachelors,hhinc_lt_100
SV_cwDcpw2LU39xXP7,R_3isvqYJ4j4SqEU1,Yes,I am 100% certain I will vote,"Joe Biden, the Democrat","Jon Ossoff, the Democrat","Raphael Warnock, Democrat",Male,56,46,Yes,White,"Bachelor's degree (e.g. BA, BS)","Hillary Clinton, the Democrat","Stacey Abrams, the Democrat",NA,24.176.98.239,45-64,bachelors,hhinc_lt_100
SV_cwDcpw2LU39xXP7,R_1I4bzZhMEWCpeiK,Yes,I am 100% certain I will vote,"Donald Trump, the Republican","David Perdue, the Republican","Kelly Loeffler, Republican",Female,49,150,No,White,"Master's degree (e.g. MA, MS, MEd)","Hillary Clinton, the Democrat","Brian Kemp, the Republican",Cobb,68.184.93.93,45-64,bachelors,hhinc_ge_100
SV_cwDcpw2LU39xXP7,R_W0aatzVbzxWZUA1,Yes,I am likely to vote,Undecided,Undecided,Undecided,Female,63,34,No,White,"Some college, no degree","Donald Trump, the Republican","Brian Kemp, the Republican",Paulding,71.204.37.136,45-64,no_bachelors,hhinc_lt_100
SV_cwDcpw2LU39xXP7,R_2sTGjqVO34u6iFd,Yes,I am likely to vote,"Donald Trump, the Republican","David Perdue, the Republican",Undecided,Male,42,20,No,White,"Associate degree (e.g. AA, AS)",Did not vote,Did not vote,Floyd,24.125.203.214,30-44,no_bachelors,hhinc_lt_100
SV_cwDcpw2LU39xXP7,R_2wNeATMF4FYhwuh,Yes,I am likely to vote,Undecided,Undecided,Undecided,Male,29,12,No,White,High school diploma or equivalent (e.g. GED),Someone else,"Brian Kemp, the Republican",Ben Hill,67.141.1.99,18-29,bachelors,hhinc_lt_100
SV_cwDcpw2LU39xXP7,R_2pKyH9NXHx09hyc,Yes,I am 100% certain I will vote,"Joe Biden, the Democrat","Jon Ossoff, the Democrat","Matt Lieberman, Democrat",Female,35,85,No,Black or African American,"Doctorate or professional degree (e.g. MD, DDS, PhD)","Hillary Clinton, the Democrat","Stacey Abrams, the Democrat",NA,24.214.158.82,30-44,bachelors,hhinc_lt_100
SV_cwDcpw2LU39xXP7,R_2YAmVk93Na3U1wZ,Yes,I am 100% certain I will vote,"Joe Biden, the Democrat","Jon Ossoff, the Democrat","Raphael Warnock, Democrat",Female,41,100,No,White,"Bachelor's degree (e.g. BA, BS)","Hillary Clinton, the Democrat","Stacey Abrams, the Democrat",Cherokee,67.140.237.147,30-44,bachelors,hhinc_ge_100
SV_cwDcpw2LU39xXP7,R_1IEMOZh80IKzkr9,Yes,I am 100% certain I will vote,"Joe Biden, the Democrat","Jon Ossoff, the Democrat","Matt Lieberman, Democrat",Female,31,95,No,Black or African American,"Bachelor's degree (e.g. BA, BS)","Hillary Clinton, the Democrat","Stacey Abrams, the Democrat",Cherokee,73.106.51.78,30-44,bachelors,hhinc_lt_100
SV_cwDcpw2LU39xXP7,R_1jCeTNmYIPyIWDm,Yes,I am 100% certain I will vote,"Joe Biden, the Democrat","Jon Ossoff, the Democrat","Matt Lieberman, Democrat",Male,46,150,No,White,"Doctorate or professional degree (e.g. MD, DDS, PhD)","Hillary Clinton, the Democrat","Stacey Abrams, the Democrat",Cobb,75.137.8.249,45-64,bachelors,hhinc_ge_100
SV_cwDcpw2LU39xXP7,R_21iXYyjXGAtLZlv,Yes,I am 100% certain I will vote,"Joe Biden, the Democrat","Jon Ossoff, the Democrat",Undecided,Female,35,75,No,White,"Master's degree (e.g. MA, MS, MEd)",Someone else,"Stacey Abrams, the Democrat",NA,199.119.30.109,30-44,bachelors,hhinc_lt_100
SV_cwDcpw2LU39xXP7,R_28ZO5pPdM4tDjBD,Yes,I am 100% certain I will vote,"Joe Biden, the Democrat","Jon Ossoff, the Democrat","Raphael Warnock, Democrat",Male,23,43,No,Black or African American,"Some college, no degree",Did not vote,Did not vote,Cherokee,75.58.42.152,18-29,no_bachelors,hhinc_lt_100
SV_cwDcpw2LU39xXP7,R_3QYP4VZS4fui4Oa,Yes,I am 100% certain I will vote,"Joe Biden, the Democrat","Jon Ossoff, the Democrat","Matt Lieberman, Democrat",Male,30,22,No,White,High school diploma or equivalent (e.g. GED),Did not vote,"Stacey Abrams, the Democrat",Cobb,99.157.102.220,30-44,bachelors,hhinc_lt_100
SV_cwDcpw2LU39xXP7,R_3nVNhHYEkOFMMGs,Yes,I am 100% certain I will vote,"Donald Trump, the Republican","David Perdue, the Republican","Kelly Loeffler, Republican",Male,51,60,Yes,White,"Bachelor's degree (e.g. BA, BS)","Donald Trump, the Republican","Brian Kemp, the Republican",Forsyth,75.63.12.244,45-64,bachelors,hhinc_lt_100
SV_cwDcpw2LU39xXP7,R_27KwZNKzeOsxKDd,Yes,I am 100% certain I will vote,"Joe Biden, the Democrat","Jon Ossoff, the Democrat","Doug Collins, Republican",Female,69,34,No,White,"Bachelor's degree (e.g. BA, BS)","Hillary Clinton, the Democrat","Stacey Abrams, the Democrat",Dawson,196.247.50.36,65+,bachelors,hhinc_lt_100
SV_cwDcpw2LU39xXP7,R_3MGcRybjRirryVX,No,50/50,"Donald Trump, the Republican","David Perdue, the Republican","Kelly Loeffler, Republican",Female,35,62,No,White,"Associate degree (e.g. AA, AS)",Unsure / Don't remember,"Brian Kemp, the Republican",Gwinnett,212.103.48.156,30-44,no_bachelors,hhinc_lt_100
SV_cwDcpw2LU39xXP7,R_2qyJdy7xJQewtsx,Yes,I am 100% certain I will vote,"Joe Biden, the Democrat","Jon Ossoff, the Democrat","Raphael Warnock, Democrat",Female,49,85,No,White,"Master's degree (e.g. MA, MS, MEd)","Hillary Clinton, the Democrat","Stacey Abrams, the Democrat",Cobb,174.218.9.41,45-64,bachelors,hhinc_lt_100
SV_cwDcpw2LU39xXP7,R_1EbOirB7ieB247P,Yes,I am 100% certain I will vote,"Donald Trump, the Republican","David Perdue, the Republican","Doug Collins, Republican",Male,24,60,No,Two or more races,"Associate degree (e.g. AA, AS)","Donald Trump, the Republican","Brian Kemp, the Republican",Gwinnett,73.54.159.133,18-29,no_bachelors,hhinc_lt_100
SV_cwDcpw2LU39xXP7,R_1pLlWYHH2tAjZCj,Yes,I am 100% certain I will vote,"Joe Biden, the Democrat","Jon Ossoff, the Democrat","Raphael Warnock, Democrat",Female,59,71,No,Black or African American,"Master's degree (e.g. MA, MS, MEd)","Hillary Clinton, the Democrat","Stacey Abrams, the Democrat",De Kalb,99.104.32.175,45-64,bachelors,hhinc_lt_100
SV_cwDcpw2LU39xXP7,R_3COBF4r8UAjC0KY,Yes,I am 100% certain I will vote,"Joe Biden, the Democrat","Jon Ossoff, the Democrat","Raphael Warnock, Democrat",Female,42,19,No,Black or African American,"Bachelor's degree (e.g. BA, BS)","Hillary Clinton, the Democrat","Stacey Abrams, the Democrat",Richmond,76.73.130.85,30-44,bachelors,hhinc_lt_100
SV_cwDcpw2LU39xXP7,R_3NJIsarc145YMZP,Yes,I am 100% certain I will vote,"Donald Trump, the Republican","David Perdue, the Republican","Doug Collins, Republican",Female,45,51,No,White,"Some college, no degree","Donald Trump, the Republican","Brian Kemp, the Republican",Pierce,216.81.126.6,45-64,no_bachelors,hhinc_lt_100
SV_cwDcpw2LU39xXP7,R_3erkBpa0g8BLKx0,Yes,I am 100% certain I will vote,"Donald Trump, the Republican","David Perdue, the Republican","Kelly Loeffler, Republican",Female,46,100,No,White,"Bachelor's degree (e.g. BA, BS)","Donald Trump, the Republican",Did not vote,Chatham,69.245.105.163,45-64,bachelors,hhinc_ge_100
SV_cwDcpw2LU39xXP7,R_1nUu1BNZLEsUwqm,Yes,I am 100% certain I will vote,"Donald Trump, the Republican","David Perdue, the Republican","Kelly Loeffler, Republican",Female,65,135,No,White,"Master's degree (e.g. MA, MS, MEd)","Donald Trump, the Republican","Brian Kemp, the Republican",Newton,99.174.85.51,65+,bachelors,hhinc_ge_100
SV_cwDcpw2LU39xXP7,R_1cY2uYpOs5iii3w,Yes,I am 100% certain I will vote,"Donald Trump, the Republican","David Perdue, the Republican","Kelly Loeffler, Republican",Male,42,84,No,Black or African American,"Bachelor's degree (e.g. BA, BS)","Donald Trump, the Republican","Brian Kemp, the Republican",Calhoun,154.16.87.99,30-44,bachelors,hhinc_lt_100
SV_cwDcpw2LU39xXP7,R_2VwKMh0ySXNfmL3,Yes,I am 100% certain I will vote,"Joe Biden, the Democrat","David Perdue, the Republican","Matt Lieberman, Democrat",Female,27,40,No,White,"Associate degree (e.g. AA, AS)","Hillary Clinton, the Democrat","Stacey Abrams, the Democrat",Hall,198.99.228.72,18-29,no_bachelors,hhinc_lt_100
SV_cwDcpw2LU39xXP7,R_VJDIQi2CDxK7W5b,Yes,I will probably not vote,"Donald Trump, the Republican","David Perdue, the Republican","Doug Collins, Republican",Female,32,60,No,White,"Bachelor's degree (e.g. BA, BS)",Did not vote,Did not vote,Fulton,99.1.33.116,30-44,bachelors,hhinc_lt_100
SV_cwDcpw2LU39xXP7,R_2Yb8JPN4BCvV0HW,Yes,I am 100% certain I will vote,Some other candidate,Some other candidate,Undecided,Male,23,10,Yes,White,"Bachelor's degree (e.g. BA, BS)",Someone else,Unsure / Don't remember,Charlton,198.228.173.177,18-29,bachelors,hhinc_lt_100
SV_cwDcpw2LU39xXP7,R_25ybKyItd5jJpEm,Yes,I am likely to vote,Some other candidate,Some other candidate,"Kelly Loeffler, Republican",Female,38,56,Yes,White,"Bachelor's degree (e.g. BA, BS)","Donald Trump, the Republican","Stacey Abrams, the Democrat",Washington,71.92.32.151,30-44,bachelors,hhinc_lt_100
SV_cwDcpw2LU39xXP7,R_2OPwvfjQmCK4P9b,Yes,I am 100% certain I will vote,"Joe Biden, the Democrat","Jon Ossoff, the Democrat","Matt Lieberman, Democrat",Male,23,38,No,White,High school diploma or equivalent (e.g. GED),"Hillary Clinton, the Democrat","Stacey Abrams, the Democrat",Baldwin,71.86.102.219,18-29,bachelors,hhinc_lt_100
SV_cwDcpw2LU39xXP7,R_2VsWxZEWuzM9hZM,Yes,I am 100% certain I will vote,"Joe Biden, the Democrat","Jon Ossoff, the Democrat","Matt Lieberman, Democrat",Female,48,67,No,Black or African American,"Master's degree (e.g. MA, MS, MEd)","Hillary Clinton, the Democrat","Stacey Abrams, the Democrat",Columbia,158.93.6.13,45-64,bachelors,hhinc_lt_100
SV_cwDcpw2LU39xXP7,R_3nDbSK6vF1H7SuM,Yes,I am 100% certain I will vote,"Donald Trump, the Republican","David Perdue, the Republican","Kelly Loeffler, Republican",Male,51,150,No,White,"Bachelor's degree (e.g. BA, BS)","Donald Trump, the Republican","Brian Kemp, the Republican",Fulton,99.184.131.12,45-64,bachelors,hhinc_ge_100
SV_cwDcpw2LU39xXP7,R_1JFIICyK3BEe2Lt,Yes,I am 100% certain I will vote,"Joe Biden, the Democrat","Jon Ossoff, the Democrat","Raphael Warnock, Democrat",Male,29,60,No,White,"Associate degree (e.g. AA, AS)","Hillary Clinton, the Democrat","Stacey Abrams, the Democrat",Atkinson,66.115.171.162,18-29,no_bachelors,hhinc_lt_100
SV_cwDcpw2LU39xXP7,R_3QFu8eeQZBoso6D,Yes,I am likely to vote,"Donald Trump, the Republican",Undecided,Undecided,Male,25,97,No,White,"Bachelor's degree (e.g. BA, BS)","Donald Trump, the Republican",Someone else,Decatur,76.251.70.68,18-29,bachelors,hhinc_lt_100
SV_cwDcpw2LU39xXP7,R_A5uP1vtHLwE5WZH,Yes,I will probably not vote,"Joe Biden, the Democrat","Jon Ossoff, the Democrat","Matt Lieberman, Democrat",Female,42,92,No,White,"Bachelor's degree (e.g. BA, BS)",Did not vote,Did not vote,Gwinnett,98.192.36.159,30-44,bachelors,hhinc_lt_100
SV_cwDcpw2LU39xXP7,R_3oXFdhAjnC9p5TG,Yes,I am 100% certain I will vote,"Joe Biden, the Democrat","Jon Ossoff, the Democrat","Raphael Warnock, Democrat",Male,29,44,No,White,"Master's degree (e.g. MA, MS, MEd)","Hillary Clinton, the Democrat","Stacey Abrams, the Democrat",Bleckley,65.49.126.43,18-29,bachelors,hhinc_lt_100
SV_cwDcpw2LU39xXP7,R_3gYI9wey9RaF3bX,Yes,50/50,"Joe Biden, the Democrat","David Perdue, the Republican","Doug Collins, Republican",Male,32,122,Yes,Black or African American,"Bachelor's degree (e.g. BA, BS)",Someone else,"Brian Kemp, the Republican",Jasper,68.225.116.77,30-44,bachelors,hhinc_ge_100
SV_cwDcpw2LU39xXP7,R_2RQjVxRtCdsgaV8,Yes,I am 100% certain I will vote,"Joe Biden, the Democrat","Jon Ossoff, the Democrat","Kelly Loeffler, Republican",Male,28,75,Yes,White,"Master's degree (e.g. MA, MS, MEd)","Donald Trump, the Republican","Brian Kemp, the Republican",White,23.94.50.164,18-29,bachelors,hhinc_lt_100
SV_cwDcpw2LU39xXP7,R_OrMdB2VO6JTofzH,Yes,I am 100% certain I will vote,"Joe Biden, the Democrat","Jon Ossoff, the Democrat","Raphael Warnock, Democrat",Male,68,15,No,White,High school diploma or equivalent (e.g. GED),"Hillary Clinton, the Democrat","Stacey Abrams, the Democrat",Lowndes,75.90.109.168,65+,bachelors,hhinc_lt_100
SV_cwDcpw2LU39xXP7,R_1oh8RDs7WexPqv4,Yes,I am 100% certain I will vote,"Joe Biden, the Democrat","Jon Ossoff, the Democrat","Raphael Warnock, Democrat",Female,43,50,No,White,"Bachelor's degree (e.g. BA, BS)","Hillary Clinton, the Democrat","Stacey Abrams, the Democrat",De Kalb,108.248.148.196,30-44,bachelors,hhinc_lt_100
SV_cwDcpw2LU39xXP7,R_3HjDdbArsySc0qH,No,I will definitely not vote,"Joe Biden, the Democrat","Jon Ossoff, the Democrat","Raphael Warnock, Democrat",Male,30,87,No,Asian,"Master's degree (e.g. MA, MS, MEd)",Did not vote,Did not vote,Fulton,66.56.8.16,30-44,bachelors,hhinc_lt_100
SV_cwDcpw2LU39xXP7,R_W265l3JSe4FHrEt,Yes,I am 100% certain I will vote,"Joe Biden, the Democrat","Jon Ossoff, the Democrat","Raphael Warnock, Democrat",Male,43,150,No,White,"Bachelor's degree (e.g. BA, BS)","Hillary Clinton, the Democrat","Stacey Abrams, the Democrat",Gwinnett,205.174.22.25,30-44,bachelors,hhinc_ge_100
SV_cwDcpw2LU39xXP7,R_2OUtGnXctTH8h2L,Yes,I am 100% certain I will vote,"Donald Trump, the Republican","David Perdue, the Republican","Kelly Loeffler, Republican",Male,36,150,No,White,"Doctorate or professional degree (e.g. MD, DDS, PhD)",Someone else,"Brian Kemp, the Republican",Fulton,162.119.18.13,30-44,bachelors,hhinc_ge_100
SV_cwDcpw2LU39xXP7,R_3ObKxuvCKj2sTWF,Yes,I am 100% certain I will vote,"Joe Biden, the Democrat","Jon Ossoff, the Democrat","Matt Lieberman, Democrat",Male,28,52,No,White,"Bachelor's degree (e.g. BA, BS)","Hillary Clinton, the Democrat","Stacey Abrams, the Democrat",NA,205.185.209.87,18-29,bachelors,hhinc_lt_100
SV_cwDcpw2LU39xXP7,R_XXitmbjHZo4KzGF,Yes,I am 100% certain I will vote,"Joe Biden, the Democrat","Jon Ossoff, the Democrat","Raphael Warnock, Democrat",Male,37,78,No,Two or more races,"Bachelor's degree (e.g. BA, BS)","Hillary Clinton, the Democrat","Stacey Abrams, the Democrat",De Kalb,75.4.196.114,30-44,bachelors,hhinc_lt_100
SV_cwDcpw2LU39xXP7,R_2CJlHFVv9Ixgosy,Yes,I am 100% certain I will vote,"Joe Biden, the Democrat","Jon Ossoff, the Democrat","Matt Lieberman, Democrat",Male,32,96,No,Black or African American,"Bachelor's degree (e.g. BA, BS)","Hillary Clinton, the Democrat","Stacey Abrams, the Democrat",Clayton,73.82.116.157,30-44,bachelors,hhinc_lt_100
SV_cwDcpw2LU39xXP7,R_tGqx9ZhGBBrYoDL,Yes,I am 100% certain I will vote,"Donald Trump, the Republican","David Perdue, the Republican","Doug Collins, Republican",Female,41,98,No,White,"Some college, no degree","Donald Trump, the Republican","Brian Kemp, the Republican",Whitfield,147.253.242.215,30-44,no_bachelors,hhinc_lt_100
SV_cwDcpw2LU39xXP7,R_10qvc234KVsAwto,Yes,I am 100% certain I will vote,"Joe Biden, the Democrat","Jon Ossoff, the Democrat","Raphael Warnock, Democrat",Male,32,40,No,White,"Bachelor's degree (e.g. BA, BS)","Hillary Clinton, the Democrat","Stacey Abrams, the Democrat",Fulton,73.207.198.208,30-44,bachelors,hhinc_lt_100
SV_cwDcpw2LU39xXP7,R_xgxaPwPwawKNihP,Yes,I am 100% certain I will vote,"Donald Trump, the Republican","David Perdue, the Republican","Kelly Loeffler, Republican",Female,47,133,No,White,"Associate degree (e.g. AA, AS)","Donald Trump, the Republican","Brian Kemp, the Republican",Bartow,107.211.48.243,45-64,no_bachelors,hhinc_ge_100
SV_cwDcpw2LU39xXP7,R_3k7cvpoCnmRcdWQ,No,I will probably not vote,Undecided,Undecided,Undecided,Female,31,93,No,White,"Bachelor's degree (e.g. BA, BS)",Did not vote,Did not vote,Forsyth,199.59.5.11,30-44,bachelors,hhinc_lt_100
SV_cwDcpw2LU39xXP7,R_125S2JPZKrCcz5b,Yes,I am 100% certain I will vote,"Joe Biden, the Democrat","Jon Ossoff, the Democrat","Raphael Warnock, Democrat",Male,26,89,No,White,"Bachelor's degree (e.g. BA, BS)","Hillary Clinton, the Democrat","Stacey Abrams, the Democrat",White,198.228.135.155,18-29,bachelors,hhinc_lt_100
SV_cwDcpw2LU39xXP7,R_1FqxiRB892Bq27q,Yes,I am likely to vote,Some other candidate,"David Perdue, the Republican","Kelly Loeffler, Republican",Male,45,45,No,White,"Some college, no degree",Someone else,"Brian Kemp, the Republican",Jackson,40.138.162.88,45-64,no_bachelors,hhinc_lt_100
SV_cwDcpw2LU39xXP7,R_3HXPbU5gQnXlPhp,Yes,I am likely to vote,"Donald Trump, the Republican","David Perdue, the Republican",Some other candidate,Female,34,33,Yes,White,"Bachelor's degree (e.g. BA, BS)","Hillary Clinton, the Democrat","Stacey Abrams, the Democrat",White,198.228.69.231,30-44,bachelors,hhinc_lt_100
SV_cwDcpw2LU39xXP7,R_ClSk9BJHpn0fejT,Yes,I am 100% certain I will vote,"Donald Trump, the Republican","David Perdue, the Republican","Doug Collins, Republican",Male,38,95,No,White,"Bachelor's degree (e.g. BA, BS)","Donald Trump, the Republican","Brian Kemp, the Republican",Forsyth,76.97.166.178,30-44,bachelors,hhinc_lt_100
SV_cwDcpw2LU39xXP7,R_1F5sn2S63jIvbAm,Yes,I will definitely not vote,Some other candidate,Some other candidate,Undecided,Female,36,30,No,White,"Associate degree (e.g. AA, AS)","Donald Trump, the Republican","Brian Kemp, the Republican",Clarke,50.207.103.1,30-44,no_bachelors,hhinc_lt_100
SV_cwDcpw2LU39xXP7,R_2zi4lu8grWFm4r7,Yes,I am 100% certain I will vote,Some other candidate,"David Perdue, the Republican",Undecided,Male,34,54,No,White,"Bachelor's degree (e.g. BA, BS)",Someone else,"Brian Kemp, the Republican",Cobb,104.13.95.197,30-44,bachelors,hhinc_lt_100
SV_cwDcpw2LU39xXP7,R_28YRhn2HuFeQmxf,Yes,I am likely to vote,"Donald Trump, the Republican",Undecided,Some other candidate,Male,47,90,Yes,Black or African American,"Bachelor's degree (e.g. BA, BS)","Donald Trump, the Republican",Unsure / Don't remember,NA,73.184.145.63,45-64,bachelors,hhinc_lt_100
SV_cwDcpw2LU39xXP7,R_28RSzaAq6pa0dGK,Yes,I am 100% certain I will vote,"Donald Trump, the Republican","David Perdue, the Republican","Doug Collins, Republican",Male,24,31,No,White,"Bachelor's degree (e.g. BA, BS)","Donald Trump, the Republican",Did not vote,Cherokee,69.168.36.20,18-29,bachelors,hhinc_lt_100
SV_cwDcpw2LU39xXP7,R_3pmQPTl4iBcQv95,Yes,I am 100% certain I will vote,"Joe Biden, the Democrat","Jon Ossoff, the Democrat","Raphael Warnock, Democrat",Male,41,124,No,White,"Some college, no degree","Hillary Clinton, the Democrat","Stacey Abrams, the Democrat",Cobb,99.113.165.175,30-44,no_bachelors,hhinc_ge_100
SV_cwDcpw2LU39xXP7,R_WDpdQ6ENbsUKwSd,Yes,I am 100% certain I will vote,Undecided,"Jon Ossoff, the Democrat","Matt Lieberman, Democrat",Male,57,13,No,White,"Bachelor's degree (e.g. BA, BS)",Did not vote,Did not vote,Newton,108.91.62.79,45-64,bachelors,hhinc_lt_100
SV_cwDcpw2LU39xXP7,R_3palx1Ua8lcPx5q,Yes,I am 100% certain I will vote,"Donald Trump, the Republican","David Perdue, the Republican","Doug Collins, Republican",Male,53,101,No,White,"Some college, no degree","Donald Trump, the Republican","Brian Kemp, the Republican",Gwinnett,50.80.14.77,45-64,no_bachelors,hhinc_ge_100
SV_cwDcpw2LU39xXP7,R_2YP3Qw0aooNz0ST,Yes,I am 100% certain I will vote,"Donald Trump, the Republican","David Perdue, the Republican","Doug Collins, Republican",Female,41,40,No,White,"Bachelor's degree (e.g. BA, BS)","Donald Trump, the Republican","Brian Kemp, the Republican",Lowndes,162.40.228.29,30-44,bachelors,hhinc_lt_100
SV_cwDcpw2LU39xXP7,R_3I3QfkGkTlcgSM8,Yes,I am 100% certain I will vote,"Donald Trump, the Republican",Some other candidate,"Matt Lieberman, Democrat",Male,22,74,No,White,"Bachelor's degree (e.g. BA, BS)","Donald Trump, the Republican","Stacey Abrams, the Democrat",Bibb,64.193.192.180,18-29,bachelors,hhinc_lt_100
SV_cwDcpw2LU39xXP7,R_6sPI24Vh6ez2yTT,Yes,I am 100% certain I will vote,"Donald Trump, the Republican","David Perdue, the Republican","Doug Collins, Republican",Female,47,23,No,White,"Associate degree (e.g. AA, AS)","Donald Trump, the Republican","Brian Kemp, the Republican",Miller,74.230.36.187,45-64,no_bachelors,hhinc_lt_100
SV_cwDcpw2LU39xXP7,R_3po1ESYeT5wyvOw,Yes,I am 100% certain I will vote,Undecided,Some other candidate,Undecided,Female,45,55,No,White,"Bachelor's degree (e.g. BA, BS)",Someone else,Did not vote,Lowndes,104.60.107.48,45-64,bachelors,hhinc_lt_100
SV_cwDcpw2LU39xXP7,R_27JWEWLT839ylSz,No,I will definitely not vote,Undecided,Undecided,Undecided,Male,21,150,No,Asian,"Bachelor's degree (e.g. BA, BS)",Did not vote,Did not vote,Liberty,71.228.136.9,18-29,bachelors,hhinc_ge_100
SV_6lYW1g6svrXtOx7,R_SCVb2B8fJRrELcZ,Yes,I am 100% certain I will vote,"Donald Trump, the Republican","David Perdue, the Republican","Kelly Loeffler, Republican",Male,51,150,No,White,"Bachelor's degree (e.g. BA, BS)","Donald Trump, the Republican","Brian Kemp, the Republican",Fulton,99.184.131.12,45-64,bachelors,hhinc_ge_100
SV_6lYW1g6svrXtOx7,R_2QKuo2mszGiqBtI,Yes,I am 100% certain I will vote,"Donald Trump, the Republican","David Perdue, the Republican","Kelly Loeffler, Republican",Female,65,139,No,White,"Master's degree (e.g. MA, MS, MEd)","Donald Trump, the Republican","Brian Kemp, the Republican",Newton,99.174.85.51,65+,bachelors,hhinc_ge_100
SV_6lYW1g6svrXtOx7,R_XZWKqmrHB3pQ1JT,Yes,I am 100% certain I will vote,"Donald Trump, the Republican","David Perdue, the Republican","Doug Collins, Republican",Male,39,125,Yes,White,"Bachelor's degree (e.g. BA, BS)","Donald Trump, the Republican",Someone else,Clay,23.251.91.96,30-44,bachelors,hhinc_ge_100
SV_6lYW1g6svrXtOx7,R_31z15tGrDJw5Vof,Yes,I am 100% certain I will vote,"Joe Biden, the Democrat","Jon Ossoff, the Democrat",Undecided,Male,23,54,No,White,"Some college, no degree",Someone else,Did not vote,Cobb,75.58.42.152,18-29,no_bachelors,hhinc_lt_100
SV_6lYW1g6svrXtOx7,R_sYa1h14Nnxzvu2B,Yes,50/50,Some other candidate,Some other candidate,"Doug Collins, Republican",Female,24,55,Yes,Asian,"Master's degree (e.g. MA, MS, MEd)",Someone else,Someone else,Ben Hill,99.106.118.175,18-29,bachelors,hhinc_lt_100
SV_6lYW1g6svrXtOx7,R_b8y5bliB0TRTvnH,Yes,I will probably not vote,"Donald Trump, the Republican","David Perdue, the Republican","Doug Collins, Republican",Female,32,59,No,White,"Bachelor's degree (e.g. BA, BS)",Did not vote,Did not vote,Fulton,99.1.33.116,30-44,bachelors,hhinc_lt_100
SV_6lYW1g6svrXtOx7,R_3g1nuK86wfW6ZUe,Yes,I am 100% certain I will vote,Some other candidate,"Jon Ossoff, the Democrat","Raphael Warnock, Democrat",Male,23,26,Yes,White,"Bachelor's degree (e.g. BA, BS)",Someone else,"Stacey Abrams, the Democrat",Charlton,198.228.173.177,18-29,bachelors,hhinc_lt_100
SV_6lYW1g6svrXtOx7,R_3dMS06PThWCcGWV,Yes,I am 100% certain I will vote,"Joe Biden, the Democrat",Undecided,Undecided,Female,29,4,No,White,"Associate degree (e.g. AA, AS)","Hillary Clinton, the Democrat","Brian Kemp, the Republican",Crisp,68.92.101.23,18-29,no_bachelors,hhinc_lt_100
SV_6lYW1g6svrXtOx7,R_339IVxNe1cPOzcl,Yes,I will definitely not vote,Undecided,Some other candidate,"Raphael Warnock, Democrat",Male,29,14,No,White,High school diploma or equivalent (e.g. GED),Did not vote,Did not vote,Ben Hill,98.16.7.10,18-29,bachelors,hhinc_lt_100
SV_6lYW1g6svrXtOx7,R_1eQzoR3yCdQtpMo,Yes,I am 100% certain I will vote,"Donald Trump, the Republican","David Perdue, the Republican","Kelly Loeffler, Republican",Male,36,27,No,White,"Some college, no degree","Donald Trump, the Republican","Brian Kemp, the Republican",Muscogee,174.215.172.51,30-44,no_bachelors,hhinc_lt_100
SV_6lYW1g6svrXtOx7,R_2uKUy9Zzvtv1dbf,Yes,I am 100% certain I will vote,Undecided,Undecided,Some other candidate,Female,45,31,No,White,High school diploma or equivalent (e.g. GED),"Donald Trump, the Republican",Someone else,Cobb,76.17.90.177,45-64,bachelors,hhinc_lt_100
SV_6lYW1g6svrXtOx7,R_1fecoTjQzSIfmE4,Yes,I am likely to vote,"Joe Biden, the Democrat","Jon Ossoff, the Democrat","Matt Lieberman, Democrat",Female,60,144,No,Black or African American,"Bachelor's degree (e.g. BA, BS)","Hillary Clinton, the Democrat","Stacey Abrams, the Democrat",De Kalb,162.207.225.80,45-64,bachelors,hhinc_ge_100
SV_6lYW1g6svrXtOx7,R_3dEpW5dOAc4pswI,Yes,I am likely to vote,"Donald Trump, the Republican","David Perdue, the Republican",Undecided,Male,42,20,No,White,"Associate degree (e.g. AA, AS)",Did not vote,Did not vote,NA,24.125.203.214,30-44,no_bachelors,hhinc_lt_100
SV_6lYW1g6svrXtOx7,R_qwLgyPdO6hlXw8F,Yes,I am 100% certain I will vote,"Joe Biden, the Democrat","Jon Ossoff, the Democrat","Raphael Warnock, Democrat",Male,46,150,No,White,"Doctorate or professional degree (e.g. MD, DDS, PhD)","Hillary Clinton, the Democrat",Did not vote,Cobb,75.137.8.249,45-64,bachelors,hhinc_ge_100
SV_6lYW1g6svrXtOx7,R_3P7awgbC6mSXeuB,Yes,50/50,"Donald Trump, the Republican","David Perdue, the Republican","Doug Collins, Republican",Male,42,99,No,Black or African American,"Bachelor's degree (e.g. BA, BS)","Donald Trump, the Republican","Brian Kemp, the Republican",NA,154.16.87.99,30-44,bachelors,hhinc_lt_100
SV_6lYW1g6svrXtOx7,R_3NPaUQZEGzX9r6K,Yes,I am 100% certain I will vote,"Donald Trump, the Republican","David Perdue, the Republican","Kelly Loeffler, Republican",Female,NA,46,No,White,"Bachelor's degree (e.g. BA, BS)","Donald Trump, the Republican","Brian Kemp, the Republican",Chatham,69.245.105.163,65+,bachelors,hhinc_lt_100
